tree
version=v4
num_class=1
num_tree_per_iteration=1
label_index=0
max_feature_idx=13
objective=regression
feature_names=hot_score upvote_ratio has_image content_length post_age_hours upvote_count downvote_count cmt_count share_count view_count interaction_count_7d interaction_count_30d affinity_score last_interaction_hours
feature_infos=[0:4.8318542877239086] [0:1] [0:1] [10:1799] [0.00020237392453448727:233.18670910977724] [0:72543] [0:12986] [0:24566] [0:3053] [0:1425045] [0:10] [0:15] [7.9171761552576715e-05:18.629917893665382] [0.10541523782457318:719.69513833094379]
tree_sizes=2645 2830 2842 2852 2756 2853 2863 2774 2759 2865 2677 2767 2443 2690 2510 2880 2628 2082 2603 1985 2869 2088 2753 2533 2181 2594 1468 2428 1906 2420 2151 1908 1484 2496 1720 1732 1978 1913 1647 1640 1715 1648 2447 2248 1546 1307 1208 1824 1694 1384 2261 1996 2527 2452 1816 1199 2224 1988 1473 1298 1608 2616 1829 1533 1094 1762 1580 1108 1611 1527 1445 1781 1020 1551 1833 2356 1747 2151 1195 2081 1717 1196 2282 1887 1101 1631 1876 1800 2082 1185 2519 1631 1197 768 2253 1478 1647 1106 1550 1707

Tree=0
num_leaves=30
num_cat=0
split_feature=12 2 2 12 12 7 12 10 8 1 10 9 7 1 1 1 12 1 7 12 1 8 3 1 8 10 9 11 1
split_gain=169.403 95.9219 32.0602 29.7306 16.8394 12.0109 10.9042 9.8343 7.00975 5.72638 5.10792 5.08058 4.87545 4.43489 3.69802 3.48438 3.0426 2.78019 2.37536 1.93118 1.83907 1.88138 1.60331 1.31945 0.875006 0.636744 0.58673 0.309901 0.158476
threshold=3.3625391418490542 1.0000000180025095e-35 1.0000000180025095e-35 1.6221930608598003 6.2617080980980893 103.50000000000001 6.8831390777383099 2.5000000000000004 29.500000000000004 0.82929912737812594 2.5000000000000004 905.50000000000011 56.500000000000007 0.85821249509684816 0.93002176423368021 0.94704117082545303 1.4807498767842746 0.82172227839568601 241.50000000000003 7.7619299336722154 0.91528840896664854 46.500000000000007 36.500000000000007 0.96792103504081062 18.500000000000004 1.5000000000000002 651.50000000000011 1.5000000000000002 0.80714672651292385
decision_type=2 2 2 2 2 2 2 2 2 2 2 2 2 2 2 2 2 2 2 2 2 2 2 2 2 2 2 2 2
left_child=1 16 4 5 12 15 8 11 13 -9 -7 -5 17 -4 -14 -3 20 -2 19 -6 27 -22 -10 25 -25 -18 -8 -1 -28
right_child=2 3 6 7 18 10 26 9 22 -11 -12 -13 14 -15 -16 -17 23 -19 -20 -21 21 -23 -24 24 -26 -27 28 -29 -30
leaf_value=0.27951956507434017 0.26864999985694882 0.28801936922631821 0.32038745159440057 0.29510739896008786 0.32135270255965154 0.29970095527096158 0.35286052617273833 0.30898613431073035 0.34007857128552027 0.33531666652361553 0.31596182781393811 0.31265630900521385 0.30319545440240336 0.33778946573231977 0.3329357141426631 0.29843723389950205 0.27627711850101666 0.29575843359188858 0.36239999985694882 0.34584298231308919 0.27618880251770273 0.2930089742159232 0.36103095223790121 0.28582171702866599 0.3053166665236155 0.28189786310481207 0.35912619033313931 0.27113328543479032 0.36864999985694885
leaf_weight=46 49 1332 259 223 74 628 38 119 56 270 279 634 165 337 56 423 354 166 32 57 451 78 105 99 30 468 21 1047 104
leaf_count=46 49 1332 259 223 74 628 38 119 56 270 279 634 165 337 56 423 354 166 32 57 451 78 105 99 30 468 21 1047 104
internal_value=0.2985 0.291455 0.328558 0.301327 0.310553 0.295359 0.34028 0.314075 0.335229 0.327262 0.304703 0.30809 0.300301 0.330227 0.310731 0.29053 0.276462 0.28958 0.337975 0.332009 0.273829 0.278669 0.353743 0.280953 0.290355 0.279477 0.363742 0.271486 0.36705
internal_weight=8000 6481 1519 3908 599 2662 920 1246 757 389 907 857 436 596 221 1755 2573 215 163 131 1622 529 161 951 129 822 163 1093 125
internal_count=8000 6481 1519 3908 599 2662 920 1246 757 389 907 857 436 596 221 1755 2573 215 163 131 1622 529 161 951 129 822 163 1093 125
is_linear=0
shrinkage=1


Tree=1
num_leaves=31
num_cat=0
split_feature=12 2 2 12 12 7 12 10 1 7 1 9 1 7 10 1 12 1 12 9 9 7 12 1 1 3 8 3 0 9
split_gain=137.216 77.6967 25.9688 24.0818 13.7648 9.7288 9.39182 7.96578 6.23768 4.76465 4.63837 4.41856 4.17499 3.45524 3.43986 2.77967 2.46793 2.32255 2.20705 2.15662 2.0729 1.83281 1.7458 1.35326 1.34771 1.49678 1.15047 1.04245 0.551209 0.475251
threshold=3.3625391418490542 1.0000000180025095e-35 1.0000000180025095e-35 1.6221930608598003 6.1126880259275724 103.50000000000001 5.1360839220649748 2.5000000000000004 0.89238256652895986 83.500000000000014 0.82929912737812594 3330.0000000000005 0.85367382416660853 56.500000000000007 3.5000000000000004 0.93002176423368021 1.6015373727022948 0.85188012439920846 6.8831390777383099 4175.5000000000009 2848.5000000000005 270.50000000000006 7.7619299336722154 0.96046117769671713 0.91433253350500387 332.50000000000006 18.500000000000004 45.500000000000007 2.3078096581829373 651.50000000000011
decision_type=2 2 2 2 2 2 2 2 2 2 2 2 2 2 2 2 2 2 2 2 2 2 2 2 2 2 2 2 2 2
left_child=1 16 4 5 13 14 8 11 9 -4 -9 -5 -7 17 -3 -15 24 -2 20 22 -8 -10 -6 28 -1 -26 -25 -21 -18 -20
right_child=2 3 6 7 19 12 18 10 21 -11 -12 -13 -14 15 -16 -17 23 -19 29 27 -22 -23 -24 26 25 -27 -28 -29 -30 -31
leaf_value=-0.024027810601288814 -0.020883932283946447 -0.0088834157549015601 0.01149472946470434 0.002519763097676713 0.014947623543200957 -0.0019877453399176647 0.032845236867666244 0.0094375217161258729 0.038186940550804141 0.036561930680475314 0.03313500086466472 0.017067703455686572 0.011663009697352917 0.0034304543212056158 0.0042846581914968663 0.029669392771191069 -0.019600466882414354 0.00058288753978789801 0.048924474810299122 0.030639999955892561 0.053106439960937883 0.062514260330715707 0.039925507412237285 -0.011853329691232421 -0.01910542680033997 0.0069464145795158725 0.0089400925570064134 0.05837853132259279 -0.014073837649558996 0.061694998121261606
leaf_weight=1140 84 1527 209 497 62 404 100 119 190 119 270 360 503 160 228 54 419 126 38 20 102 37 51 102 536 23 36 42 317 125
leaf_count=1140 84 1527 209 497 62 404 100 119 190 119 270 360 503 160 228 54 419 126 38 20 102 37 51 102 536 23 36 42 317 125
internal_value=4.01214e-10 -0.00634039 0.0270521 0.00254391 0.0108479 -0.00282668 0.0376024 0.0140178 0.0294087 0.0205892 0.0258856 0.00863092 0.00558263 0.00110899 -0.00717269 0.0100515 -0.0198343 -0.00800384 0.0500613 0.0344437 0.0430761 0.0421522 0.0262208 -0.0155162 -0.0220556 -0.0180335 -0.00642896 0.0494306 -0.0172201 0.0587178
internal_weight=8000 6481 1519 3908 599 2662 920 1246 555 328 389 857 907 424 1755 214 2573 210 365 175 202 227 113 874 1699 559 138 62 736 163
internal_count=8000 6481 1519 3908 599 2662 920 1246 555 328 389 857 907 424 1755 214 2573 210 365 175 202 227 113 874 1699 559 138 62 736 163
is_linear=0
shrinkage=0.1


Tree=2
num_leaves=31
num_cat=0
split_feature=12 2 2 12 12 7 12 1 7 1 10 7 7 10 7 1 12 1 9 12 9 7 1 8 12 12 1 3 9 3
split_gain=111.145 62.9343 21.0347 19.5143 11.1495 8.26599 7.60738 6.37554 7.98866 5.05252 4.14788 3.85937 3.42859 2.98975 2.79875 2.25153 2.11579 1.92152 1.89547 1.78771 1.67905 1.54747 1.45926 1.62 1.4514 0.758408 0.494366 0.899438 0.384954 0.14504
threshold=3.3625391418490542 1.0000000180025095e-35 1.0000000180025095e-35 1.6768881231130555 6.1126880259275724 103.50000000000001 5.1360839220649748 0.82762075875889718 26.500000000000004 0.89238256652895986 2.5000000000000004 83.500000000000014 620.50000000000011 3.5000000000000004 56.500000000000007 0.93002176423368021 0.73891863035896155 0.82172227839568601 17845.500000000004 6.8831390777383099 2848.5000000000005 14.500000000000002 0.96890040299366731 18.500000000000004 7.7619299336722154 2.4515591177591314 0.91826264830843718 268.50000000000006 651.50000000000011 11.500000000000002
decision_type=2 2 2 2 2 2 2 2 2 2 2 2 2 2 2 2 2 2 2 2 2 2 2 2 2 2 2 2 2 2
left_child=1 16 4 5 14 13 9 12 -9 11 -7 -4 -5 -3 17 -16 26 -2 24 20 -8 -11 25 -24 -6 -18 29 -28 -21 -1
right_child=2 3 6 7 18 10 19 8 -10 21 -12 -13 -14 -15 15 -17 22 -19 -20 28 -22 -23 23 -25 -26 -27 27 -29 -30 -31
leaf_value=-0.017260104641318323 -0.024776606261730196 -0.0079793022341454588 0.010345256300063796 -0.00055418646959371355 0.019078584588491002 0.00079523819192151382 0.029560714453458786 0.0028023795183911267 0.024134648024831732 0.022402360439300537 0.015312872417795826 0.03290573634019419 0.040165794166651642 0.0042150596132526147 0.0030874097347259525 0.026702453471996169 -0.018035933589211493 -0.0019965979788038467 0.059182534899030415 0.044032025180364913 0.047795795956078697 0.042325277129809068 -0.013419327859910544 0.0060415101051330567 0.03882384560410939 -0.012428631186485291 -0.019666208775398229 0.0022618894279003146 0.055525500106811523 -0.023473553200369902
leaf_weight=40 48 1551 209 344 91 641 100 251 584 50 284 119 22 231 160 54 1087 162 21 38 102 177 149 60 63 310 289 20 125 618
leaf_count=40 48 1551 209 344 91 641 100 251 584 50 284 119 22 231 160 54 1087 162 21 38 102 177 149 60 63 310 289 20 125 618
internal_value=1.61678e-10 -0.00570635 0.0243468 0.00228951 0.00976307 -0.00241729 0.0338422 0.0128985 0.0177222 0.0264678 0.00525254 0.0185303 0.00189346 -0.00639855 0.000998095 0.00904635 -0.0178509 -0.00720346 0.0309994 0.0450552 0.0387685 0.037937 -0.0156257 -0.00783248 0.0271562 -0.0167917 -0.0215464 -0.0182469 0.052846 -0.0230958
internal_weight=8000 6481 1519 3908 599 2707 920 1201 835 555 925 328 366 1782 424 214 2573 210 175 365 202 227 1606 209 154 1397 967 309 163 658
internal_count=8000 6481 1519 3908 599 2707 920 1201 835 555 925 328 366 1782 424 214 2573 210 175 365 202 227 1606 209 154 1397 967 309 163 658
is_linear=0
shrinkage=0.1


Tree=3
num_leaves=31
num_cat=0
split_feature=12 2 2 12 12 0 10 12 5 10 1 0 12 8 5 10 12 12 1 9 1 12 11 1 6 13 10 9 11 11
split_gain=90.3894 51.9974 17.5421 16.578 8.71559 6.65588 6.61593 4.92021 4.16846 4.15097 3.53816 3.48538 2.80049 2.67161 2.51862 2.51125 2.15856 1.89266 1.04369 1.57892 0.9472 0.963176 0.916325 0.879147 0.653919 0.635041 0.518085 0.311813 0.252091 0.137911
threshold=3.4676025117009419 1.0000000180025095e-35 1.0000000180025095e-35 1.6221930608598003 4.7286662195427169 2.3325879502435094 2.5000000000000004 6.8831390777383099 655.00000000000011 2.5000000000000004 0.83872908660378098 2.1848055019982202 0.62178910158508616 1.0000000180025095e-35 559.50000000000011 1.5000000000000002 10.159624078477195 1.4807498767842746 0.91528840896664854 1293.5000000000002 0.96792103504081062 2.6272622494979503 4.5000000000000009 0.88659398822925317 158.50000000000003 256.5395313893651 1.5000000000000002 651.50000000000011 1.5000000000000002 6.5000000000000009
decision_type=2 2 2 2 2 2 2 2 2 2 2 2 2 2 2 2 2 2 2 2 2 2 2 2 2 2 2 2 2 2
left_child=1 17 4 5 14 12 11 8 15 -7 -8 -5 -3 22 25 -4 -15 18 28 -20 26 -22 -6 -16 -10 -2 -19 -9 -1 -29
right_child=2 3 7 6 13 9 10 27 24 -11 -12 -13 -14 16 23 -17 -18 20 19 -21 21 -23 -24 -25 -26 -27 -28 29 -30 -31
leaf_value=-0.012568673037964365 -0.0021374859230619083 -0.011277159570123662 0.016222959730708808 -2.6015837987263999e-05 0.01226389677751632 -0.0006648142917940851 0.0093077120681603741 0.039628821454550094 0.050856559956446293 0.01223749095446443 0.028755611761678918 0.012423771742946847 -0.0026443609676645059 0.022054401972166307 0.00045724102428981234 0.030002094374762641 0.056232055723667143 -0.016533724295962705 -0.021495444338938914 -0.010194736036909633 -0.0093371162116527556 0.010837612517418401 -0.017277442131723678 0.02228856927309281 0.037332305643293595 -0.013980020809173585 -0.011534329566122598 0.05159211270879991 -0.020132415184489636 0.043158983439207078
leaf_weight=46 71 704 228 420 21 787 144 38 64 365 267 484 806 243 35 315 20 366 197 332 100 31 21 39 81 125 478 101 1047 24
leaf_count=46 71 704 228 420 21 787 144 38 64 365 267 484 806 243 35 315 20 366 197 332 100 31 21 39 81 125 478 101 1047 24
internal_value=2.78465e-10 -0.00495061 0.0228228 0.00223617 0.00932969 -0.00230165 0.0114222 0.0319398 0.0282387 0.00342316 0.0219417 0.00663958 -0.00666919 0.0209134 -0.00375558 0.0242164 0.0246535 -0.0159563 -0.0180494 -0.0144031 -0.0124744 -0.00456294 -0.00250677 0.0119629 0.0433016 -0.00969012 -0.0137023 0.0475614 -0.0198141 0.049973
internal_weight=8000 6574 1426 3977 575 2662 1315 851 688 1152 411 904 1510 305 270 543 263 2597 1622 529 975 131 42 74 145 196 844 163 1093 125
internal_count=8000 6574 1426 3977 575 2662 1315 851 688 1152 411 904 1510 305 270 543 263 2597 1622 529 975 131 42 74 145 196 844 163 1093 125
is_linear=0
shrinkage=0.1


Tree=4
num_leaves=30
num_cat=0
split_feature=12 2 2 12 12 10 12 0 10 0 0 0 1 7 1 12 1 12 0 6 13 6 12 8 6 3 4 9 13
split_gain=73.8305 37.2014 17.7868 10.8005 9.64247 7.77486 7.21068 5.08994 4.78148 4.46022 3.70738 3.69389 2.71236 2.48351 2.27403 2.19345 2.101 1.91628 1.79721 1.60331 1.37211 1.25361 1.2478 0.952153 1.90959 0.42898 0.419964 0.252568 0.229268
threshold=2.9734802342764719 1.0000000180025095e-35 1.0000000180025095e-35 0.90850031786607066 4.7286662195427169 2.5000000000000004 4.314120889936663 1.6733992659234433 1.5000000000000002 1.4473704418791737 2.4605632210793078 2.7042907734127071 0.9444957896898748 375.50000000000006 0.89238256652895986 7.7619299336722154 0.88236491177667664 6.8831390777383099 2.662207964714796 16.500000000000004 518.10009839813836 65.500000000000014 0.73891863035896155 18.500000000000004 24.500000000000004 369.00000000000006 101.9367401280398 651.50000000000011 627.22995618956054
decision_type=2 2 2 2 2 2 2 2 2 2 2 2 2 2 2 2 2 2 2 2 2 2 2 2 2 2 2 2 2
left_child=1 22 4 11 16 10 8 -7 14 -10 -5 12 -3 15 -4 -6 21 18 -8 -18 -13 -2 25 26 -25 28 -24 -19 -1
right_child=2 3 6 5 13 7 17 -9 9 -11 -12 20 -14 -15 -16 -17 19 27 -20 -21 -22 -23 23 24 -26 -27 -28 -29 -30
leaf_value=-0.018599468460271471 -0.016732825359828035 -0.009901855122166698 -0.00093450182921265906 -0.0021311120613029711 0.010823042690753938 -0.0041146192733231965 0.026193709825990993 0.019494430098718811 -0.00378342244360182 0.030118258920967159 0.0086009962807389508 0.0002210344022145935 0.00082630072403880013 0.045178623683750634 0.01920622122156751 0.032097835578615702 -0.0047297492773845946 0.035665940610986012 0.042524161969108146 0.014581171678085076 0.013647050727712046 -0.0018450903765698697 -0.014894210534163023 0.0081996866634913863 -0.011573706621899032 -0.0053790338337421422 -0.0012311824637910595 0.044975653958320622 -0.014238014313536633
leaf_weight=797 142 993 146 864 210 111 299 515 45 282 513 309 309 32 91 63 99 38 87 76 101 94 1028 56 382 28 23 125 142
leaf_count=797 142 993 146 864 210 111 299 515 45 282 513 309 309 32 91 63 99 38 87 76 101 94 1028 56 382 28 23 125 142
internal_value=-5.58794e-11 -0.00523 0.0176459 0.00108301 0.00535076 0.00606787 0.0255554 0.0153082 0.0176142 0.0254529 0.00186712 -0.00474916 -0.00735577 0.018822 0.00679886 0.0157326 -0.00464617 0.0337136 0.0298744 0.00365671 0.00352842 -0.010803 -0.0147792 -0.0129628 -0.0090456 -0.0175762 -0.0145952 0.0428053 -0.0179399
internal_weight=8000 6171 1829 3715 716 2003 1113 626 564 327 1377 1712 1302 305 237 273 411 549 386 175 410 236 2456 1489 438 967 1051 163 939
internal_count=8000 6171 1829 3715 716 2003 1113 626 564 327 1377 1712 1302 305 237 273 411 549 386 175 410 236 2456 1489 438 967 1051 163 939
is_linear=0
shrinkage=0.1


Tree=5
num_leaves=31
num_cat=0
split_feature=12 2 2 12 12 10 12 0 1 1 0 7 1 1 6 12 7 5 9 1 7 12 3 12 0 3 10 3 3 3
split_gain=59.8027 30.1331 14.4073 8.74836 7.9287 6.29764 5.92094 4.12285 3.16846 3.13862 2.99205 2.70897 2.46605 2.19701 2.14353 1.71432 1.90391 1.68763 1.41092 1.16603 1.04893 1.01072 0.838351 0.827223 0.794974 1.5272 0.518756 0.347474 0.225497 0.220877
threshold=2.9734802342764719 1.0000000180025095e-35 1.0000000180025095e-35 0.90850031786607066 6.1126880259275724 2.5000000000000004 4.1275619292114447 1.6733992659234433 0.84302644678732819 0.91307720848652485 2.7042907734127071 43.500000000000007 0.88413264679162828 0.9444957896898748 65.500000000000014 6.8831390777383099 137.50000000000003 90.500000000000014 4175.5000000000009 0.85718778077268654 7.5000000000000009 0.73891863035896155 45.500000000000007 7.7619299336722154 2.5174959264779493 299.50000000000006 2.5000000000000004 369.00000000000006 13.500000000000002 95.500000000000014
decision_type=2 2 2 2 2 2 2 2 2 2 2 2 2 2 2 2 2 2 2 2 2 2 2 2 2 2 2 2 2 2
left_child=1 21 4 10 12 8 9 -7 -5 11 13 -4 14 -3 -2 16 -8 -14 23 -12 -11 27 -20 -6 26 -26 -23 28 -1 -17
right_child=2 3 6 5 18 7 15 -9 -10 20 19 -13 17 -15 -16 29 -18 -19 22 -21 -22 24 -24 -25 25 -27 -28 -29 -30 -31
leaf_value=-0.011169281655765442 -0.013668125836139031 -0.0089116693293340016 -0.00016087566325867099 -0.0045836799388315917 0.0089068862699693257 -0.0037031582615396999 0.022543469835072757 0.017544986894987163 0.0053537098115765012 0.0068402907122736391 -0.0026480687652679687 0.017516956210136415 -0.0062334755192632266 0.00074367064102567903 0.0031485164024698457 0.040867923225822125 0.037593609695894675 0.012530250230412574 0.018588926047086715 0.0080590826914449434 0.029883319480078566 -0.014862623471805229 0.043464269737402604 0.026100591643183842 -0.0095975075136212756 0.017351819236170164 -0.0099449551361761278 -0.0048411301736320765 -0.016628465721401097 0.032741646436934772
leaf_weight=83 188 993 153 509 62 111 320 515 868 23 187 200 69 309 127 116 114 157 20 223 140 677 42 51 476 22 314 28 856 47
leaf_count=83 188 993 153 509 62 111 320 515 868 23 187 200 69 309 127 116 114 157 20 223 140 677 42 51 476 22 314 28 856 47
internal_value=-1.2219e-10 -0.004707 0.0158813 0.000974707 0.00481568 0.00546108 0.0229999 0.0137773 0.00168041 0.0151546 -0.00427424 0.00985489 -0.00116933 -0.00662019 -0.00688808 0.0297808 0.0264967 0.0068015 0.0233179 0.00317558 0.0266318 -0.0133013 0.03544 0.0166669 -0.0116665 -0.00840698 -0.0133045 -0.0158186 -0.0161459 0.0385248
internal_weight=8000 6171 1829 3715 716 2003 1113 626 1377 516 1712 353 541 1302 315 597 434 226 175 410 163 2456 62 113 1489 498 991 967 939 163
internal_count=8000 6171 1829 3715 716 2003 1113 626 1377 516 1712 353 541 1302 315 597 434 226 175 410 163 2456 62 113 1489 498 991 967 939 163
is_linear=0
shrinkage=0.1


Tree=6
num_leaves=31
num_cat=0
split_feature=12 2 2 12 12 10 12 1 8 1 8 1 8 9 13 12 0 12 1 5 13 13 11 1 13 3 12 13 11 3
split_gain=49.0986 20.2889 16.8695 8.7823 6.47458 6.07567 4.44227 4.43139 4.30091 3.7329 4.32294 3.14063 1.94228 1.83284 1.70721 1.43127 1.66801 1.39498 1.23416 1.1922 1.16692 0.983782 0.679996 0.576097 0.970333 0.673818 0.562405 0.356661 0.243507 0.149616
threshold=2.4515591177591314 1.0000000180025095e-35 1.0000000180025095e-35 4.7286662195427169 4.1275619292114447 2.5000000000000004 0.9900685316180261 0.91307720848652485 5.5000000000000009 0.91993681636823077 2.5000000000000004 0.84500437828371289 1.0000000180025095e-35 15400.000000000002 262.87647788005307 7.7619299336722154 2.662207964714796 10.159624078477195 0.85103773826837104 443.50000000000006 45.400625976332442 271.01493089704849 4.5000000000000009 0.91433253350500387 695.12643307645556 332.50000000000006 1.2979372219373488 486.37844301857359 1.5000000000000002 95.500000000000014
decision_type=2 2 2 2 2 2 2 2 2 2 2 2 2 2 2 2 2 2 2 2 2 2 2 2 2 2 2 2 2 2
left_child=1 23 3 14 9 8 13 -8 18 10 -4 -10 22 -7 20 16 -6 -14 -3 -16 -2 -11 -5 26 25 -25 28 -28 -1 -17
right_child=2 5 4 12 15 6 7 -9 11 21 -12 -13 17 -15 19 29 -18 -19 -20 -21 -22 -23 -24 24 -26 -27 27 -29 -30 -31
leaf_value=-0.0077296423302455385 -0.014018297509143227 -0.012557296707945052 -0.0042453861436364372 0.0083860032615207507 0.02126870335737864 -0.0016739287559175864 0.0068905784748494632 0.028065292756040611 -0.0052588117660978878 0.014923743673206605 0.014480795590865493 0.0046128826165021805 0.016730578029106675 0.016939202254101383 -0.012331424143075118 0.039163720166241686 0.035423890229697545 0.044205972105264668 -0.0053102777035857508 -0.00067501518697965718 0.0051780550730855844 0.027544773256077487 -0.017062275040717351 -0.011621814216773881 0.0070663267085629136 0.0044854012352448921 -0.012672769469095442 -0.0067590160748443083 -0.015336784589030931 0.031259566633140341
leaf_weight=44 38 371 179 21 375 512 320 143 537 97 396 806 243 59 289 81 107 20 641 126 190 170 21 682 31 27 328 148 964 34
leaf_count=44 38 371 179 21 375 512 320 143 537 97 396 806 243 59 289 81 107 20 641 126 190 170 21 682 31 27 328 148 964 34
internal_value=-1.16974e-10 -0.00510879 0.0120133 0.00165585 0.0188366 -0.000238407 0.00615153 0.0134305 -0.00304401 0.0131885 0.00865125 0.000665675 0.015631 0.000249319 -0.00497309 0.0268027 0.024411 0.01882 -0.00796704 -0.00879237 0.00197866 0.0229596 -0.00433814 -0.0125304 -0.0102512 -0.0110084 -0.013667 -0.010834 -0.0150047 0.0368268
internal_weight=8000 5613 2387 948 1439 3389 1034 463 2355 842 575 1343 305 571 643 597 482 263 1012 415 228 267 42 2224 740 709 1484 476 1008 115
internal_count=8000 5613 2387 948 1439 3389 1034 463 2355 842 575 1343 305 571 643 597 482 263 1012 415 228 267 42 2224 740 709 1484 476 1008 115
is_linear=0
shrinkage=0.1


Tree=7
num_leaves=30
num_cat=0
split_feature=12 2 2 12 0 12 1 10 10 5 1 12 3 7 1 9 1 12 10 7 13 7 9 3 1 5 12 13 13
split_gain=39.7698 16.434 13.6643 7.12142 5.40642 5.26653 4.52177 3.49666 3.05225 4.71324 2.65962 2.47183 1.9749 1.81849 1.75902 1.6597 1.23447 1.21037 1.12221 1.12215 1.08508 0.829131 0.528701 1.00964 0.546798 0.519809 0.348265 0.513986 0.114413
threshold=2.4515591177591314 1.0000000180025095e-35 1.0000000180025095e-35 4.8215298958368686 2.3325879502435094 4.4249677513215468 0.84058928263741317 2.5000000000000004 1.5000000000000002 34.500000000000007 0.91307720848652485 0.37453603816919118 36.500000000000007 375.50000000000006 0.88413264679162828 810.50000000000011 0.78165732075542482 7.7619299336722154 1.5000000000000002 133.50000000000003 629.47781955261439 49.500000000000007 1087.5000000000002 343.50000000000006 0.98186502812317145 263.50000000000006 1.4521351986325108 320.68591240502121 692.07712647424364
decision_type=2 2 2 2 2 2 2 2 2 2 2 2 2 2 2 2 2 2 2 2 2 2 2 2 2 2 2 2 2
left_child=1 22 3 14 11 8 12 -8 10 -10 -4 21 -6 17 18 -13 -7 -5 -2 -16 -18 -3 26 24 -24 -25 28 -28 -1
right_child=2 4 5 13 6 16 7 -9 9 -11 -12 15 -14 -15 19 -17 20 -19 -20 -21 -22 -23 23 25 -26 -27 27 -29 -30
leaf_value=-0.015346659822050458 -0.015407229920228322 -0.0084326381787697257 -0.00019511767598085625 0.0079974698838848751 -0.011075680966329094 0.0050002349861736958 0.004278978283801479 0.017230679975091034 -0.0050530702243616558 0.021085811250953268 0.01787650422388766 -0.0058289892417756287 0.0015643141778769101 0.037857920229434967 -0.0024347762887676557 0.0010624975961789158 0.024588110665297178 0.023921100535090008 -0.0042989016546831505 0.011366049174000236 0.039745080639731215 -0.020355591804221057 -0.011191239612473803 -0.0057484677150135954 -0.003673328430606769 0.016777792125940324 -0.01569520585484557 -0.0055973090165484275 -0.0078013015644890927
leaf_weight=467 150 377 258 197 198 29 668 303 81 465 119 592 329 30 192 853 434 63 231 85 53 69 1387 21 104 20 91 113 21
leaf_count=467 150 377 258 197 198 29 668 303 81 465 119 592 329 30 192 853 434 63 231 85 53 69 1387 21 104 20 91 113 21
internal_value=2.79397e-12 -0.00459791 0.0108119 0.00149027 -0.000214566 0.016953 0.00427298 0.00832055 0.0124297 0.0172081 0.00550919 -0.00376948 -0.00318468 0.0145458 -0.00426367 -0.00176087 0.0250441 0.0118559 -0.00867226 0.00180013 0.0262376 -0.0102772 -0.0112774 -0.0102411 -0.0106669 0.00523995 -0.0135715 -0.0101018 -0.015022
internal_weight=8000 5613 2387 948 3389 1439 1498 971 923 546 377 1891 527 290 658 1445 516 260 381 277 487 446 2224 1532 1491 41 692 204 488
internal_count=8000 5613 2387 948 3389 1439 1498 971 923 546 377 1891 527 290 658 1445 516 260 381 277 487 446 2224 1532 1491 41 692 204 488
is_linear=0
shrinkage=0.1


Tree=8
num_leaves=30
num_cat=0
split_feature=12 2 12 2 1 12 7 9 1 8 12 8 1 0 5 1 9 1 1 12 5 3 13 0 13 12 10 3 11
split_gain=32.6125 18.1376 7.32171 6.11478 4.10852 3.57228 3.56116 3.41084 3.92854 2.00845 2.27608 1.83328 1.72105 1.58639 1.02003 0.996768 0.970176 0.939581 0.836622 1.36417 1.14318 0.819749 0.740756 0.720624 0.605633 0.555559 0.67717 0.246677 0.235449
threshold=3.4676025117009419 1.0000000180025095e-35 1.6221930608598003 1.0000000180025095e-35 0.79594257631878385 6.2617080980980893 26.500000000000004 1241.5000000000002 0.9444957896898748 29.500000000000004 6.8831390777383099 95.500000000000014 0.959524241599371 2.6306793827930615 8.5000000000000018 0.88236491177667664 1782.5000000000002 0.92570630486831618 0.91059181541536094 2.4954557911990896 182.50000000000003 23.500000000000004 695.12643307645556 1.909524266974399 620.30147247666071 1.2979372219373488 1.5000000000000002 63.500000000000007 1.5000000000000002
decision_type=2 2 2 2 2 2 2 2 2 2 2 2 2 2 2 2 2 2 2 2 2 2 2 2 2 2 2 2 2
left_child=1 18 7 5 13 11 -6 14 -9 10 12 15 -5 -4 -3 -2 23 -18 25 22 -21 -11 -20 -7 -23 28 -27 -12 -1
right_child=3 2 4 9 6 16 -8 8 -10 21 27 -13 -14 -15 -16 -17 17 -19 19 20 -22 24 -24 -25 -26 26 -28 -29 -30
leaf_value=-0.0049032121896743774 -0.0054825081317513083 -0.020337177727084894 -0.012042094402843052 0.011170659617485607 0.0010458029246743705 0.015818540531176109 0.013188216846436264 -0.0015815829791565651 0.010119912651602253 0.015280508249998093 0.031503174304962155 0.025973938350324279 0.026116885645415196 0.012126003468737883 -0.0059099040899237513 0.0047706395563994648 0.019065130857320936 0.042217732220888142 -0.0090449642137702246 -0.0067080056438079258 0.014260653922191033 0.035607471870719845 0.0064896284602582455 -0.0064021866023540501 0.019119283237627575 -0.012134821591137341 -0.0059824760575166256 0.022706073230388119 -0.012644749474018177
leaf_weight=41 216 52 135 449 346 54 800 1398 361 36 85 27 93 34 851 169 65 24 753 52 52 109 32 20 28 318 409 51 940
leaf_count=41 216 52 135 449 346 54 800 1398 361 36 85 27 93 34 851 169 65 24 753 52 52 109 32 20 28 318 409 51 940
internal_value=4.65661e-12 -0.00297366 0.00127091 0.0137089 0.00737568 0.00574249 0.00952218 -0.00174479 0.000819918 0.0190916 0.0166376 0.000784739 0.0137352 -0.00717987 -0.00674071 -0.000981776 0.0182737 0.0253085 -0.00947372 -0.00698589 0.00377632 0.028709 -0.00841171 0.00981294 0.0322376 -0.0107686 -0.0086736 0.0282043 -0.0123212
internal_weight=8000 6574 3977 1426 1315 575 1146 2662 1759 851 678 412 542 169 903 385 163 89 2597 889 104 173 785 74 137 1708 727 136 981
internal_count=8000 6574 3977 1426 1315 575 1146 2662 1759 851 678 412 542 169 903 385 163 89 2597 889 104 173 785 74 137 1708 727 136 981
is_linear=0
shrinkage=0.1


Tree=9
num_leaves=31
num_cat=0
split_feature=12 2 2 12 10 12 8 1 12 1 5 1 12 9 1 1 13 0 4 5 4 10 0 9 3 9 6 13 12 1
split_gain=26.5135 10.6512 9.15039 4.97956 4.44479 3.60403 3.49792 3.31508 3.17288 3.39594 3.00448 2.16511 2.07532 1.51371 1.48071 1.43768 1.40419 1.19736 1.0869 1.06288 0.935164 0.654219 0.772583 0.434266 0.753681 0.411552 0.39126 0.244749 0.394031 0.0825897
threshold=2.4515591177591314 1.0000000180025095e-35 1.0000000180025095e-35 4.7286662195427169 2.5000000000000004 5.1360839220649748 46.500000000000007 0.91307720848652485 0.9900685316180261 0.87511301989150103 600.50000000000011 0.942474622252918 1.3878640546197862 4175.5000000000009 0.79881102420944361 0.84909726740403391 262.87647788005307 2.5822986694168484 23.356070327196722 50.500000000000007 5.0144592424490844 2.5000000000000004 2.2811190899131564 1266.5000000000002 354.50000000000006 1974.5000000000002 7.5000000000000009 296.67157417120046 1.4521351986325108 0.99954170485792859
decision_type=2 2 2 2 2 2 2 2 2 2 2 2 2 2 2 2 2 2 2 2 2 2 2 2 2 2 2 2 2 2
left_child=1 23 3 16 6 7 11 10 14 -10 -4 -3 -8 15 -6 -5 18 -15 -2 -9 -18 22 -7 27 25 -25 -23 29 -29 -1
right_child=2 4 5 13 8 21 12 19 9 -11 -12 -13 -14 17 -16 -17 20 -19 -20 -21 -22 26 -24 24 -26 -27 -28 28 -30 -31
leaf_value=-0.013852155263982298 -0.0026122786966310879 -0.0061516938098641338 0.0035328108790538292 -0.0033177674167296466 -0.012550488477333999 0.014982820822768014 0.001585356069608333 0.0086756498725325971 0.0033829668755473393 0.020550001840348598 0.019159533479545691 0.0015493006101535069 0.018215412156922475 0.03989609628915787 0.0022774796608011814 0.013964016265697307 -0.016608905950013329 0.015303712724203087 0.011814226430875284 0.021687820564461439 -0.0048463577483639575 0.039444979918854581 0.025764428347837733 -0.0047727873368609338 0.0061821932180060289 -0.0092605068086037655 0.025429266345673714 -0.011474823558872397 -0.0051275468022703267 -0.0090340566344377475
leaf_weight=269 147 1505 556 85 78 146 263 81 247 216 158 482 105 26 493 111 85 83 81 279 330 28 122 248 36 1161 69 330 139 41
leaf_count=269 147 1505 556 85 78 146 263 81 247 216 158 482 105 26 493 111 85 83 81 279 330 28 122 248 36 1161 69 330 139 41
internal_value=-2.27243e-11 -0.0037542 0.00882794 0.00119978 -0.000225352 0.0138533 -0.00262504 0.0109358 0.00524009 0.0113918 0.00699083 -0.00428361 0.00633034 0.011723 0.000251943 0.00646937 -0.00379177 0.0211698 0.00251293 0.0187601 -0.00725555 0.0224379 0.0198909 -0.00913156 -0.00810556 -0.00847062 0.029475 -0.0110347 -0.00959365 -0.0132149
internal_weight=8000 5613 2387 948 3389 1439 2355 1074 1034 463 714 1987 368 305 571 196 643 109 228 360 415 365 268 2224 1445 1409 97 779 469 310
internal_count=8000 5613 2387 948 3389 1439 2355 1074 1034 463 714 1987 368 305 571 196 643 109 228 360 415 365 268 2224 1445 1409 97 779 469 310
is_linear=0
shrinkage=0.1


Tree=10
num_leaves=29
num_cat=0
split_feature=12 2 12 2 0 1 12 10 9 13 0 6 6 8 0 10 3 12 0 8 1 4 13 12 12 10 6 11
split_gain=21.7551 11.8549 5.06097 4.07068 3.50318 2.80372 2.57688 2.22912 2.92932 2.42171 1.79024 1.7288 1.79626 1.77139 1.6941 1.40452 1.36641 1.26333 1.05386 0.760268 0.67451 1.1012 1.01799 0.591547 0.380763 0.550919 0.314997 0.194964
threshold=3.4676025117009419 1.0000000180025095e-35 2.2063651187965996 1.0000000180025095e-35 2.3325879502435094 0.85188012439920846 6.2617080980980893 1.5000000000000002 531.50000000000011 185.18795806043099 0.95435289550223235 65.500000000000014 27.500000000000004 13.500000000000002 1.4316152026905928 3.5000000000000004 78.500000000000014 6.8831390777383099 1.1465755407082807 1.0000000180025095e-35 0.91059181541536094 84.524493807070698 692.07712647424364 10.159624078477195 1.2979372219373488 1.5000000000000002 45.500000000000007 1.5000000000000002
decision_type=2 2 2 2 2 2 2 2 2 2 2 2 2 2 2 2 2 2 2 2 2 2 2 2 2 2 2 2
left_child=1 20 4 6 10 -6 11 9 -9 -4 -3 12 -2 -13 16 17 18 -16 -5 -8 24 22 -22 -21 27 -26 -17 -1
right_child=3 2 7 14 5 -7 19 8 -10 -11 -12 13 -14 -15 15 26 -18 -19 -20 23 21 -23 -24 -25 25 -27 -28 -29
leaf_value=-0.0033816214014844199 0.0013429700369291967 -0.019453992187113002 -0.013346917870678481 0.025884473323822023 -0.0023637143475053234 0.006664887733518865 -0.00070578634738922125 -0.0031538410355215485 0.016823705727075415 0.007052213627828193 -0.0030281053139613228 0.034110061824321747 -0.015984711629502914 0.0043494241833686833 0.01314723911823011 0.023354381900280715 -0.011891766254966324 0.02458982971035132 -1.2154470790516247e-05 0.015551329214694138 -0.0067979355472506907 0.014826928795530245 0.0099422113675820198 0.034149837940931321 -0.010234002127025113 -0.0046847326503406238 0.034048956348782494 -0.01042622206375954
leaf_weight=41 202 69 79 30 581 843 25 92 363 221 1729 25 85 100 510 80 37 119 33 118 825 26 38 20 318 409 42 940
leaf_count=41 202 69 79 30 581 843 25 92 363 221 1729 25 85 100 510 80 37 119 33 118 825 26 38 20 318 409 42 940
internal_value=-4.87082e-11 -0.00242874 0.00100283 0.0111967 -0.000724003 0.00298117 0.00469684 0.00837216 0.0127843 0.00168044 -0.00365846 0.000486101 -0.00378892 0.0103016 0.0155885 0.0172166 0.00336138 0.0153121 0.0123196 0.0153399 -0.00768377 -0.00544994 -0.00606083 0.0182468 -0.00884647 -0.00711206 0.0270361 -0.0101318
internal_weight=8000 6574 3977 1426 3222 1424 575 755 455 300 1798 412 287 125 851 751 100 629 63 163 2597 889 863 138 1708 727 122 981
internal_count=8000 6574 3977 1426 3222 1424 575 755 455 300 1798 412 287 125 851 751 100 629 63 163 2597 889 863 138 1708 727 122 981
is_linear=0
shrinkage=0.1


Tree=11
num_leaves=30
num_cat=0
split_feature=12 2 10 12 2 8 4 12 0 12 7 13 8 1 12 9 9 9 3 1 12 13 11 3 13 10 12 10 11
split_gain=17.6959 9.64127 4.75838 3.84495 3.29956 2.85998 2.51693 2.24415 2.76128 2.03811 2.10949 1.48583 1.28685 1.64098 1.59669 1.26308 1.14994 0.681609 0.674696 0.647894 1.34224 0.850644 0.710997 0.62849 0.580422 0.449423 0.313286 0.538886 0.157921
threshold=3.5813287314876869 1.0000000180025095e-35 1.5000000000000002 1.6221930608598003 1.0000000180025095e-35 35.500000000000007 7.4378613104593772 0.37453603816919118 3.3802472982673408 6.2617080980980893 56.500000000000007 215.68606797066917 29.500000000000004 0.96890040299366731 5.2527678669503688 2795.5000000000005 8396.5000000000018 17845.500000000004 80.500000000000014 0.91059181541536094 2.9056186496034981 692.07712647424364 5.5000000000000009 23.500000000000004 620.30147247666071 2.5000000000000004 1.2979372219373488 1.5000000000000002 1.5000000000000002
decision_type=2 2 2 2 2 2 2 2 2 2 2 2 2 2 2 2 2 2 2 2 2 2 2 2 2 2 2 2 2
left_child=1 19 7 5 9 -4 -5 16 -9 10 11 -2 13 14 -6 -12 -3 18 -11 26 21 -21 -22 -14 -25 -15 28 -28 -1
right_child=4 2 3 6 12 -7 -8 8 -10 17 15 -13 23 25 -16 -17 -18 -19 -20 20 22 -23 -24 24 -26 -27 27 -29 -30
leaf_value=-0.0030434591014210774 -0.020790382900408338 -0.013976497441285946 -0.001193483569328254 0.018264636488460557 0.005847736300936171 0.0094819039153976568 0.0059127429253974205 -0.0022700685251128764 0.02320480143482035 0.0062733845218368202 0.030344369736584748 -0.0012837750389594442 0.010289764675227079 0.020615304380223371 0.016870427988799272 0.004862753053506216 0.0017991963185762104 0.03109721213579178 0.020613185330933217 -0.0063047274332401794 0.02013823576271534 0.009003104779281115 -0.0029120550207469777 0.029248918238842844 0.012743205383971888 0.036264672398567198 -0.0094638123489343209 -0.0040489492017608446 -0.0093835997906454079
leaf_weight=41 56 244 1266 229 314 313 590 1290 44 92 22 129 33 69 226 168 57 20 51 812 32 38 23 101 27 25 325 423 940
leaf_count=41 56 244 1266 229 314 313 590 1290 44 92 22 129 33 69 226 168 57 20 51 812 32 38 23 101 27 25 325 423 940
internal_value=-6.56582e-11 -0.00210301 0.000970225 0.00380651 0.0105182 0.000922664 0.00936645 -0.00318966 -0.00142982 0.00447029 0.000412401 -0.00718848 0.014611 0.0125836 0.0104609 0.00781326 -0.0109891 0.0138059 0.0113876 -0.00680854 -0.00464075 -0.00562038 0.010499 0.0225948 0.0257672 0.0247774 -0.00794321 -0.00640166 -0.00911862
internal_weight=8000 6667 4033 2398 1333 1579 819 1635 1334 538 375 185 795 634 540 190 301 163 143 2634 905 850 55 161 128 94 1729 748 981
internal_count=8000 6667 4033 2398 1333 1579 819 1635 1334 538 375 185 795 634 540 190 301 163 143 2634 905 850 55 161 128 94 1729 748 981
is_linear=0
shrinkage=0.1


Tree=12
num_leaves=26
num_cat=0
split_feature=12 2 2 12 1 9 10 12 10 9 9 0 7 11 13 13 3 10 5 5 4 10 9 3 12
split_gain=14.5837 6.40294 4.71564 3.32927 3.04908 2.99062 2.6028 2.49689 1.96257 1.81283 1.50404 1.46738 1.26136 1.18087 1.12894 1.08488 1.01266 0.794556 0.684725 0.66737 0.825547 0.468427 0.40481 0.834446 0.335037
threshold=2.2063651187965996 1.0000000180025095e-35 1.0000000180025095e-35 4.7286662195427169 0.84500437828371289 1445.5000000000002 3.5000000000000004 4.1275619292114447 2.5000000000000004 1138.0000000000002 54504.500000000007 0.95435289550223235 7.5000000000000009 2.5000000000000004 248.63276779625753 678.18210743394036 40.500000000000007 1.5000000000000002 435.50000000000006 33.500000000000007 7.6211896908563981 5.5000000000000009 1087.5000000000002 343.50000000000006 2.0131593020055649
decision_type=2 2 2 2 2 2 2 2 2 2 2 2 2 2 2 2 2 2 2 2 2 2 2 2 2
left_child=2 3 21 14 10 11 7 9 -7 -3 13 -6 -5 -4 17 -9 -14 -2 -16 -8 -21 22 24 -24 -1
right_child=1 6 4 12 5 8 19 15 -10 -11 -12 -13 16 -15 18 -17 -18 -19 -20 20 -22 -23 23 -25 -26
leaf_value=-0.0095862801757951588 -0.0046697827726602551 -0.0014540734468844899 -0.013549715650561673 -0.010175676980326252 -0.018121609861652059 0.0021675584633728288 0.0045895381615712093 0.01283087484663775 0.010847937598585447 0.0082802216672815416 0.016102433730574215 -0.0018496891909558584 0.0026938065410928528 -0.0040198431280053914 -0.0083116626112294898 0.033436657985051473 0.015499624783794087 0.0068689274526125685 -0.0005750130162094578 0.033092218420157832 0.018160756953336573 0.0041008642086615933 -0.0064319789865463217 0.0084017035670769531 0.0012425159911314647
leaf_weight=600 100 285 149 31 60 858 26 476 374 582 34 726 94 1021 373 27 180 148 165 48 162 39 1373 39 30
leaf_count=600 100 285 149 31 60 858 26 476 374 582 34 726 94 1021 373 27 180 148 165 48 162 39 1373 39 30
internal_value=-1.546e-11 0.00598701 -0.00304487 7.53437e-05 -0.000648343 0.00172781 0.010003 0.00833209 0.00480267 0.00508037 -0.00463097 -0.00309182 0.00894329 -0.00523348 -0.00336578 0.013937 0.0111064 0.00221622 -0.0059389 0.0197025 0.0215737 -0.00675541 -0.00696275 -0.00602227 -0.00907062
internal_weight=8000 2697 5303 1091 3222 2018 1606 1370 1232 867 1204 786 305 1170 786 503 274 248 538 236 210 2081 2042 1412 630
internal_count=8000 2697 5303 1091 3222 2018 1606 1370 1232 867 1204 786 305 1170 786 503 274 248 538 236 210 2081 2042 1412 630
is_linear=0
shrinkage=0.1


Tree=13
num_leaves=29
num_cat=0
split_feature=12 2 2 1 10 12 8 1 12 8 0 7 1 0 1 11 1 12 13 6 11 7 0 10 9 3 12 3
split_gain=11.8128 5.18638 3.81967 2.73288 3.20566 2.69671 2.29208 2.19189 2.7227 2.45003 2.10551 2.03108 1.83396 1.41531 1.24493 1.19982 1.05284 2.13515 0.914444 0.913867 0.702365 0.683946 0.570878 0.379426 0.327896 0.675902 0.27138 0.104905
threshold=2.2063651187965996 1.0000000180025095e-35 1.0000000180025095e-35 0.942474622252918 3.5000000000000004 4.7286662195427169 35.500000000000007 0.83973635469120811 5.1360839220649748 38.500000000000007 0.95435289550223235 11.500000000000002 0.80005588348293821 2.9569783555270068 0.99954170485792859 1.5000000000000002 0.84696665551466499 7.7619299336722154 248.63276779625753 106.50000000000001 5.5000000000000009 91.500000000000014 2.3711770467079645 5.5000000000000009 1087.5000000000002 343.50000000000006 2.0131593020055649 41.500000000000007
decision_type=2 2 2 2 2 2 2 2 2 2 2 2 2 2 2 2 2 2 2 2 2 2 2 2 2 2 2 2
left_child=2 5 23 4 6 18 -4 8 9 -3 27 14 -6 -12 -9 -13 17 -7 21 -18 -10 -2 -20 24 26 -26 -1 -5
right_child=1 7 3 10 12 16 -8 11 20 -11 13 15 -14 -15 -16 -17 19 -19 22 -21 -22 -23 -24 -25 25 -27 -28 -29
leaf_value=-0.008627652275065581 -0.0021788870131498892 -0.0029945486242855149 -0.0052661807643027084 -0.021895519253753482 -0.007839305125750028 -0.0064625366412578746 0.0028103734314038039 -0.001841431569974154 0.023421445733880344 0.016831392129262289 0.0041655084885572581 -0.0023512140956035883 0.010984912667218155 0.017042801356074787 0.015972545742988589 0.014800413263340792 0.0098082528694679871 0.024178306957085928 -0.0080858098751022713 0.029179609798151873 0.0080367967784404758 0.0086026199162006385 -0.001473472835370778 0.0036907777763330023 -0.0057887810521853383 0.0075615330384327818 0.0011182643473148346 -0.01201428229158575
leaf_weight=600 152 369 1699 21 65 94 443 151 73 75 619 43 254 99 53 792 152 30 315 29 50 96 223 39 1373 39 30 22
leaf_count=600 152 369 1699 21 65 94 443 151 73 75 619 43 254 99 53 792 152 30 315 29 50 96 223 39 1373 39 30 22
internal_value=-2.61702e-11 0.00538831 -0.00274039 -0.000583509 -0.00220302 6.78094e-05 -0.00359582 0.00900267 0.00400171 0.000354428 0.00465383 0.0117318 0.00714926 0.00594107 0.00278671 0.0139172 0.00804896 0.000950571 -0.0030292 0.012912 0.0171675 0.0019946 -0.00534501 -0.00607987 -0.00626647 -0.00542004 -0.00816356 -0.01684
internal_weight=8000 2697 5303 3222 2461 1091 2142 1606 567 444 761 1039 319 718 204 835 305 124 786 181 123 248 538 2081 2042 1412 630 43
internal_count=8000 2697 5303 3222 2461 1091 2142 1606 567 444 761 1039 319 718 204 835 305 124 786 181 123 248 538 2081 2042 1412 630 43
is_linear=0
shrinkage=0.1


Tree=14
num_leaves=27
num_cat=0
split_feature=12 2 12 1 9 7 2 5 12 8 0 3 10 12 8 1 1 4 1 11 10 12 4 0 0 1
split_gain=9.68206 5.07917 3.57089 3.08248 3.70835 2.00646 1.81419 1.6176 1.2698 1.28721 0.981285 1.1924 0.903862 1.25306 0.951385 0.855726 0.838219 1.44204 1.0439 0.605799 0.990219 0.968422 0.541912 0.280771 0.266183 0.0977566
threshold=3.5813287314876869 1.0000000180025095e-35 0.37453603816919118 0.84058928263741317 1155.0000000000002 1207.5000000000002 1.0000000180025095e-35 18.500000000000004 6.2617080980980893 51.500000000000007 1.4316152026905928 78.500000000000014 3.5000000000000004 0.093719331004445919 34.500000000000007 0.88886106938185072 0.78165732075542482 20.947364135958523 0.78741562125510078 5.5000000000000009 5.5000000000000009 3.4314314240997521 56.8791658181446 3.1628722256639326 3.0578931435617132 0.89845760530949492
decision_type=2 2 2 2 2 2 2 2 2 2 2 2 2 2 2 2 2 2 2 2 2 2 2 2 2 2
left_child=1 19 12 5 -5 -4 7 -2 9 -9 11 15 14 -14 -3 -8 17 -12 -18 20 21 -1 -10 24 -21 -25
right_child=6 2 3 4 -6 -7 10 8 22 -11 16 -13 13 -15 -16 -17 18 -19 -20 23 -22 -23 -24 25 -26 -27
leaf_value=-0.0043709044844734129 -0.016881677226440326 -0.0088339617917303406 -0.0026009252869867603 -0.0015638359631711279 0.0074377965685774776 0.022781589627265932 -0.0029504155119260151 -0.00095564240088494518 0.014686235662241628 0.016838734898161383 -0.018635790438755698 -0.012738663199785595 0.017313082630817708 -0.0047860428690910343 0.00050798788450766297 0.021222911216318609 0.033075355529785154 0.016775344117828037 0.012238353075590104 -0.0066926181292237784 0.015598386354171313 0.01675735955888575 -0.0029688348621129991 -0.0095408419101703466 0.0033801587091551889 -0.016852904811049951
leaf_weight=1559 37 519 1163 684 1383 32 27 301 133 47 23 37 39 75 138 32 25 23 628 926 26 22 20 41 27 33
leaf_count=1559 37 519 1163 684 1383 32 27 301 133 47 23 37 39 75 138 32 25 23 628 926 26 22 20 41 27 33
internal_value=-3.91155e-11 -0.00155557 0.00067505 0.00212169 0.00445903 -0.00192123 0.00778017 0.00329562 0.00478576 0.00144762 0.010815 0.00133481 -0.00544548 0.00277418 -0.00687173 0.0101605 0.012117 -0.000930223 0.0130361 -0.00497093 -0.00375857 -0.0040769 0.0123784 -0.00686798 -0.00640724 -0.0128016
internal_weight=8000 6667 4033 3262 2067 1195 1333 538 501 348 795 96 771 114 657 59 699 46 653 2634 1607 1581 153 1027 953 74
internal_count=8000 6667 4033 3262 2067 1195 1333 538 501 348 795 96 771 114 657 59 699 46 653 2634 1607 1581 153 1027 953 74
is_linear=0
shrinkage=0.1


Tree=15
num_leaves=31
num_cat=0
split_feature=12 2 2 1 10 10 12 4 8 5 0 1 12 1 7 5 6 8 1 13 10 11 13 1 8 3 3 12 10 1
split_gain=8.22594 3.50747 2.44637 2.08774 2.47946 2.04392 1.83235 1.69423 1.647 1.61272 1.60571 1.48611 1.39452 1.26915 1.22859 1.21157 1.13711 0.863776 1.14895 0.74986 0.625601 0.522198 0.51645 0.342587 0.516976 0.717493 0.397534 0.162352 0.358809 0.138659
threshold=2.2063651187965996 1.0000000180025095e-35 1.0000000180025095e-35 0.942474622252918 3.5000000000000004 1.5000000000000002 4.7286662195427169 7.1158207549811543 35.500000000000007 7.5000000000000009 2.1271722610021486 0.92071349992142082 4.314120889936663 0.79725232380742683 98.500000000000014 225.50000000000003 12.500000000000002 1.0000000180025095e-35 0.95369270695874031 248.63276779625753 1.5000000000000002 4.5000000000000009 659.98589626784803 0.86257829719935752 14.500000000000002 287.50000000000006 44.500000000000007 1.4807498767842746 1.5000000000000002 0.81735469946975403
decision_type=2 2 2 2 2 2 2 2 2 2 2 2 2 2 2 2 2 2 2 2 2 2 2 2 2 2 2 2 2 2
left_child=2 6 23 4 8 12 19 -6 -4 -5 11 -7 13 -3 -14 -12 -11 21 -19 20 -2 -8 -21 27 26 -26 -25 29 -29 -1
right_child=1 5 3 9 7 10 17 -9 -10 16 15 -13 14 -15 -16 -17 -18 18 -20 22 -22 -23 -24 24 25 -27 -28 28 -30 -31
leaf_value=-0.0057631705899773948 -0.0039927249401807792 -0.012146160231061178 -0.0046170228058411977 -0.016641871713929706 -0.0063474883884191511 0.0021904361849887362 0.0045334833718481517 0.010465194191393993 0.0022293045376816398 0.0025730492454379 0.025603358261287214 0.014653259183434273 0.0041815213450830278 0.002311136513700776 0.019727015648132715 0.012181110337588459 0.011393432943104524 0.0061522451122250181 0.025161865071670432 -0.0056774624479623481 0.0062459521297667485 -0.017767445033504851 0.0038289769108478841 -0.0026386374078048308 -0.001897231345912712 0.017092095989556539 -0.0073141635700304936 -0.0083619765074629537 6.3719717716729192e-05 -0.0085208499226076852
leaf_weight=383 100 73 1699 36 80 307 21 239 443 522 80 139 146 361 78 422 203 226 37 473 148 21 65 313 379 21 434 95 108 348
leaf_count=383 100 73 1699 36 80 307 21 239 443 522 80 139 146 361 78 422 203 226 37 473 148 21 65 313 379 21 434 95 108 348
internal_value=-1.546e-11 0.00449643 -0.0022868 -0.000560666 -0.00197617 0.00746876 0.000121041 0.00624885 -0.00320109 0.00401694 0.0104409 0.00607459 0.00318672 -0.000120621 0.00959468 0.0143201 0.00504276 0.00669994 0.0088266 -0.00243184 0.00211745 -0.00661698 -0.00452891 -0.00495935 -0.00380153 -0.000900292 -0.00535507 -0.00638122 -0.00387934 -0.00707599
internal_weight=8000 2697 5303 3222 2461 1606 1091 319 2142 761 948 446 658 434 224 502 725 305 263 786 248 42 538 2081 1147 400 747 934 203 731
internal_count=8000 2697 5303 3222 2461 1606 1091 319 2142 761 948 446 658 434 224 502 725 305 263 786 248 42 538 2081 1147 400 747 934 203 731
is_linear=0
shrinkage=0.1


Tree=16
num_leaves=28
num_cat=0
split_feature=12 2 2 12 8 10 10 12 8 12 1 6 6 3 7 1 12 9 3 4 1 1 12 1 1 1 13
split_gain=6.66301 2.84105 1.98156 1.93076 2.06771 1.85088 1.6921 1.49114 1.34194 1.40256 1.20966 0.916803 0.935094 0.858935 0.809775 0.7271 1.24751 0.915888 0.701919 0.555788 0.515451 0.301103 0.957586 0.900329 0.26223 0.869958 0.15907
threshold=2.2063651187965996 1.0000000180025095e-35 1.0000000180025095e-35 0.34341360048963515 2.5000000000000004 3.5000000000000004 2.5000000000000004 4.8215298958368686 29.500000000000004 7.7619299336722154 0.96890040299366731 713.50000000000011 261.50000000000006 19.500000000000004 375.50000000000006 0.85188012439920846 0.17797307660249836 10457.000000000002 65.500000000000014 2.3448188982411979 0.97039441649082947 0.98482545822971368 1.7744229000290255 0.99090695989430178 0.97629588465931916 0.96890040299366731 287.30801498460568
decision_type=2 2 2 2 2 2 2 2 2 2 2 2 2 2 2 2 2 2 2 2 2 2 2 2 2 2 2
left_child=2 7 21 15 10 8 -6 11 9 -3 -5 12 -2 -10 18 16 -4 -17 -9 -7 -21 24 23 -23 25 -1 -26
right_child=1 5 3 4 6 19 -8 14 13 -11 -12 -13 -14 -15 -16 17 -18 -19 -20 20 -22 22 -24 -25 26 -27 -28
leaf_value=-0.0049267004327470222 -0.0018217045743129442 0.0027125857121283467 -0.0036598323099315171 -0.0060827300313242771 0.0005620602006092668 0.030036678232929926 0.0072026376524110787 -0.00020527506454123389 -0.00035392710566520692 0.016311499149334142 0.0042670396345478676 0.019025780782103541 -0.016991886773774788 0.014118790293210432 0.021809521814187369 -0.004612159055281193 -0.017647622455403491 0.0076990320036808661 0.010247218274864658 0.011325334582498165 0.025269557439511821 0.010368805192410947 0.017182569091136642 -0.0076281075350573815 -0.0037355794385075568 0.010773494756884045 -0.014491369422863831
leaf_weight=1797 738 1010 160 537 1280 22 548 144 50 82 143 20 43 228 30 376 106 72 116 183 31 36 26 122 20 36 44
leaf_count=1797 738 1010 160 537 1280 22 548 144 50 82 143 20 43 228 30 376 106 72 116 183 31 36 26 122 20 36 44
internal_value=8.75443e-12 0.00404679 -0.00205812 -0.000504599 0.000801532 0.00672188 0.00255278 0.000108937 0.00531288 0.00373375 -0.00390623 -0.00211555 -0.00265694 0.0115158 0.00625312 -0.00509252 -0.00923391 -0.00263357 0.00445815 0.0149013 0.0133453 -0.00446342 -0.000601116 -0.00352755 -0.00483804 -0.00461835 -0.0111302
internal_weight=8000 2697 5303 3222 2508 1606 1828 1091 1370 1092 680 801 781 278 290 714 266 448 260 236 214 2081 184 158 1897 1833 64
internal_count=8000 2697 5303 3222 2508 1606 1828 1091 1370 1092 680 801 781 278 290 714 266 448 260 236 214 2081 184 158 1897 1833 64
is_linear=0
shrinkage=0.1


Tree=17
num_leaves=22
num_cat=0
split_feature=12 2 10 12 7 3 9 0 6 0 1 13 9 12 11 13 9 13 8 5 0
split_gain=5.50925 3.04286 3.25841 2.13769 2.2874 1.55373 1.38888 1.14588 2.09429 1.27146 0.99971 1.39753 1.34771 1.26177 1.12234 0.947052 0.935016 0.542403 0.44353 0.583303 0.255045
threshold=4.314120889936663 1.0000000180025095e-35 1.5000000000000002 0.9900685316180261 28.500000000000004 127.50000000000001 93.500000000000014 3.3564083985326847 387.50000000000006 3.2190191429604709 0.84217562623135389 197.62685337602798 2926.5000000000005 5.1360839220649748 4.5000000000000009 262.87647788005307 841.00000000000011 714.21780415245655 136.50000000000003 456.50000000000006 3.8145713822431948
decision_type=2 2 2 2 2 2 2 2 2 2 2 2 2 2 2 2 2 2 2 2 2
left_child=1 17 7 5 -5 -4 -2 9 -9 -3 13 12 -12 16 -15 -13 -8 18 19 -1 -20
right_child=6 2 3 4 -6 -7 10 8 -10 -11 11 15 -14 14 -16 -17 -18 -19 20 -21 -22
leaf_value=-0.0042461730431239669 -0.015551537963060233 -0.0026924450654249926 -0.0020716472915033013 -9.9666648789456028e-05 0.0083949058200354833 0.0075728821100258248 -0.024216080524704673 0.035425294122912669 -0.0012775552722643008 -0.019920108941468326 -0.0059295207516036254 0.026118837998193856 0.012518569640815259 0.015333673962862185 0.0010005706874262384 0.011594677829742432 -0.00080592192121242223 0.010855607315897943 -0.011292287619276481 -0.00083870104673875161 0.00028679860026940054
leaf_weight=1956 26 1625 902 475 953 205 22 22 53 44 88 51 72 101 119 375 76 26 110 676 23
leaf_count=1956 26 1625 902 475 953 205 22 22 53 44 88 51 72 101 119 375 76 26 110 676 23
internal_value=-1.25729e-12 -0.000951772 0.00072371 0.00301255 0.00556933 -0.000285623 0.00723552 -0.00260325 0.00948861 -0.00314662 0.0078909 0.0103406 0.00237212 0.00337662 0.00758077 0.0133335 -0.00606126 -0.00352053 -0.00365571 -0.003371 -0.00928989
internal_weight=8000 7070 4279 2535 1428 1107 930 1744 75 1669 904 586 160 318 220 426 98 2791 2765 2632 133
internal_count=8000 7070 4279 2535 1428 1107 930 1744 75 1669 904 586 160 318 220 426 98 2791 2765 2632 133
is_linear=0
shrinkage=0.1


Tree=18
num_leaves=28
num_cat=0
split_feature=12 2 1 7 10 2 10 3 1 12 12 0 6 7 4 9 4 9 4 4 10 8 4 13 1 4 7
split_gain=4.71985 2.03605 1.67997 1.64478 1.39355 1.36594 2.00808 1.14496 1.65595 1.20717 1.05626 0.990797 1.94284 0.903304 0.806603 1.41806 1.29928 0.732565 0.719885 0.602496 1.2568 0.58963 0.537128 0.498145 0.703636 0.530871 0.136442
threshold=2.2063651187965996 1.0000000180025095e-35 0.86257829719935752 17.500000000000004 3.5000000000000004 1.0000000180025095e-35 1.5000000000000002 73.500000000000014 0.79987204094689712 2.3042782945112776 10.159624078477195 2.3186597757649667 25.500000000000004 15.500000000000002 1.2979093604147058 1311.5000000000002 0.88158191847799083 117.50000000000001 1.0687966890124685 12.673183427736179 2.5000000000000004 51.500000000000007 58.669429374088914 173.17467821511426 0.90387661440987743 19.880902849412582 16.500000000000004
decision_type=2 2 2 2 2 2 2 2 2 2 2 2 2 2 2 2 2 2 2 2 2 2 2 2 2 2 2
left_child=2 10 14 13 7 22 -7 9 -9 -3 11 18 -13 17 15 -1 -17 -4 -2 21 -21 -16 -5 25 -25 -6 -15
right_child=1 4 3 5 23 6 -8 8 -10 -11 -12 12 -14 26 19 16 -18 -19 -20 20 -22 -23 -24 24 -26 -27 -28
leaf_value=-0.015469805576971599 0.013397606521844864 0.025223352015018463 -0.0098119139118352915 -0.0026134283448775095 0.012541807492574056 -0.00133742234465358 0.0066445825623933337 -0.012623477956423393 0.0031365732660350721 0.0059838110723244835 0.021275231663299643 0.017846449041688764 0.00026732996533932298 -0.010169468447566034 -0.0073531579476695105 0.0024421497950187099 0.028208766079374722 -0.0014348914715142218 -0.0039522932223745788 -0.0048577680145249222 0.0015454462964322655 0.00014321230109629594 0.0062518251091241836 0.0050694586587286443 0.017652938740425988 0.032735143796257353 -0.018823318908873357
leaf_weight=28 25 34 128 770 30 538 761 78 459 799 23 74 418 35 714 65 28 566 551 990 444 123 75 107 76 23 38
leaf_count=28 25 34 128 770 30 538 761 78 459 799 23 74 418 35 714 65 28 566 551 990 444 123 75 107 76 23 38
internal_value=-2.67755e-11 0.00340596 -0.0017322 -0.000118774 0.00567057 0.00130296 0.00333872 0.00444797 0.000847404 0.0067691 7.23539e-05 -0.000384262 0.00291134 -0.00409295 -0.0036957 0.00425976 0.0101998 -0.00297993 -0.00319926 -0.00411957 -0.00287518 -0.00625154 -0.00182657 0.0127679 0.0102954 0.021305 -0.0146742
internal_weight=8000 2697 5303 2911 1606 2144 1299 1370 537 833 1091 1068 492 767 2392 121 93 694 576 2271 1434 837 845 236 183 53 73
internal_count=8000 2697 5303 2911 1606 2144 1299 1370 537 833 1091 1068 492 767 2392 121 93 694 576 2271 1434 837 845 236 183 53 73
is_linear=0
shrinkage=0.1


Tree=19
num_leaves=21
num_cat=0
split_feature=12 12 2 10 1 9 9 13 11 0 0 5 6 7 8 4 5 12 3 3
split_gain=4.01212 2.25346 2.0692 1.93184 2.32528 1.28285 1.11564 0.92258 0.943942 0.95817 0.801839 1.9623 0.848353 0.714446 0.668265 0.664936 0.590452 0.527604 0.651334 0.318991
threshold=4.314120889936663 0.70828465036204402 1.0000000180025095e-35 3.5000000000000004 0.93899043609911015 244.50000000000003 93.500000000000014 6.3983420963830104 4.5000000000000009 3.4927807393287504 2.696659598213214 479.50000000000006 76.500000000000014 1133.5000000000002 119.50000000000001 22.912483285097434 235.50000000000003 4.4899699479770749 41.500000000000007 38.500000000000007
decision_type=2 2 2 2 2 2 2 2 2 2 2 2 2 2 2 2 2 2 2 2
left_child=1 7 14 4 -4 -5 -2 -1 13 -10 11 12 -8 -9 16 -13 -3 -12 -19 -16
right_child=6 2 3 5 -6 -7 10 8 9 -11 17 15 -14 -15 19 -17 -18 18 -20 -21
leaf_value=0.017484354884141969 -0.014248295959371788 -0.003359270840138197 -0.00058010026827963088 -0.012706685983217681 0.0065963647715709412 0.010305073634839394 0.0056154275417999756 -0.0054258432792478389 -0.0022508578774226139 0.014295836724340916 0.02620626495530208 -0.0026058184355497362 0.021202141106934164 -0.021356302885145978 -0.0035229641323288284 -0.027799297869205476 0.00031812747447721422 0.002701844384565073 0.01510906835485782 -0.015817515464390027
leaf_weight=21 26 1000 1934 26 589 355 621 963 1255 36 24 20 37 29 36 22 775 68 112 51
leaf_count=21 26 1000 1934 26 589 355 621 963 1255 36 24 20 37 29 36 22 775 68 112 51
internal_value=-2.38884e-11 -0.00081222 0.000429087 0.00209755 0.00109526 0.00873472 0.00617462 -0.00337996 -0.00357188 -0.00178945 0.006762 0.00515423 0.00649188 -0.00589155 -0.00217306 -0.0158024 -0.00175365 0.0122789 0.0104219 -0.0107301
internal_weight=8000 7070 4766 2904 2523 381 930 2304 2283 1291 904 700 658 992 1862 42 1775 204 180 87
internal_count=8000 7070 4766 2904 2523 381 930 2304 2283 1291 904 700 658 992 1862 42 1775 204 180 87
is_linear=0
shrinkage=0.1


Tree=20
num_leaves=31
num_cat=0
split_feature=12 10 1 2 10 1 9 1 6 11 4 6 3 12 8 7 7 13 9 12 0 13 5 8 6 9 11 10 3 1
split_gain=3.32972 1.80527 1.45269 1.46957 1.58106 1.35042 1.24908 1.00121 1.70397 1.27053 0.990817 0.966787 1.21429 1.69047 1.3808 0.926271 0.90684 0.797484 0.754612 0.74432 0.71378 0.646061 0.607843 0.590767 0.808781 0.726464 0.417665 0.621219 0.389385 0.280432
threshold=3.0517599565982914 1.5000000000000002 0.84058928263741317 1.0000000180025095e-35 3.5000000000000004 0.96890040299366731 1422.5000000000002 0.89138747556466513 7.5000000000000009 4.5000000000000009 43.466653165914188 217.50000000000003 34.500000000000007 0.50836235982143751 106.50000000000001 3.5000000000000004 21.500000000000004 591.53734958526081 419.50000000000006 3.1150236047978876 1.8902765066273532 366.71255101750631 399.50000000000006 17.500000000000004 161.50000000000003 774.50000000000011 5.5000000000000009 5.5000000000000009 43.500000000000007 0.93002176423368021
decision_type=2 2 2 2 2 2 2 2 2 2 2 2 2 2 2 2 2 2 2 2 2 2 2 2 2 2 2 2 2 2
left_child=2 7 11 26 6 15 -5 9 18 16 -6 23 14 -14 -13 -3 -2 -11 -9 -17 21 -7 -10 25 -25 -1 27 -4 -22 -28
right_child=1 5 3 4 10 20 -8 8 22 17 -12 12 13 -15 -16 19 -18 -19 -20 -21 28 -23 -24 24 -26 -27 29 -29 -30 -31
leaf_value=-0.0065487173582205868 0.016293192109683666 -0.0098906341080482185 -0.0014088103828258096 -0.0024675483884188929 0.010378426817330448 0.018443294720990318 0.0025374989472214285 0.0063019430121550191 0.017628241320709129 -0.0052627883813320068 -0.00594493892303733 0.0021682924918226295 -0.0094639754648936005 0.0098318826274823422 -0.019095120385575756 0.020830214791931215 -0.00077954037475955586 -0.020307985658562462 -0.0085247820704290184 0.0052911960750463465 0.010828103934941085 -0.0060783712024038497 0.0056447152523918355 -0.010059208453206694 0.0012771918391808867 -0.001700770825354795 -0.0025795266112765749 0.015222281638694846 0.026204491201145898 -0.0069047435526809996
leaf_weight=446 41 39 956 812 275 21 1292 52 77 195 43 74 59 197 52 32 129 43 101 840 23 22 94 295 80 1007 370 23 58 252
leaf_count=446 41 39 956 812 275 21 1292 52 77 195 43 74 59 197 52 32 129 43 101 840 23 22 94 295 80 1007 370 23 58 252
internal_value=-7.21775e-12 0.00383168 -0.00108625 4.52657e-05 0.00159919 0.00651974 0.000605893 3.09411e-05 0.0041811 -0.00326477 0.00817118 -0.00314601 0.00142936 0.00538479 -0.00660708 0.00518709 0.003338 -0.00798104 -0.00348563 0.00586144 0.0163104 0.00589733 0.0110408 -0.00410213 -0.00764078 -0.00318885 -0.00230552 -0.00101809 0.0218384 -0.00433187
internal_weight=8000 1767 6233 4023 2422 1035 2104 732 324 408 318 2210 382 256 126 911 170 238 153 872 124 43 171 1828 375 1453 1601 979 81 622
internal_count=8000 1767 6233 4023 2422 1035 2104 732 324 408 318 2210 382 256 126 911 170 238 153 872 124 43 171 1828 375 1453 1601 979 81 622
is_linear=0
shrinkage=0.1


Tree=21
num_leaves=22
num_cat=0
split_feature=12 12 2 10 7 1 0 0 0 2 11 13 11 3 4 8 7 13 12 8 3
split_gain=2.84628 1.68208 1.5662 1.65938 1.50005 1.00378 1.00308 0.808484 1.19721 0.937489 0.926823 0.737317 0.783782 0.864371 0.615892 1.03708 0.545258 0.532947 0.522152 0.519156 0.430824
threshold=4.3661372565751266 0.70828465036204402 1.0000000180025095e-35 1.5000000000000002 26.500000000000004 0.78086649035747191 3.3564083985326847 2.696659598213214 2.5508183604320238 1.0000000180025095e-35 1.5000000000000002 6.3983420963830104 4.5000000000000009 156.50000000000003 58.669429374088914 9.5000000000000018 1133.5000000000002 105.72573614442281 4.6454790628868396 8.5000000000000018 56.500000000000007
decision_type=2 2 2 2 2 2 2 2 2 2 2 2 2 2 2 2 2 2 2 2 2
left_child=1 11 14 6 -5 19 -4 8 10 -10 -7 -1 16 -14 17 -16 -13 -3 -9 -2 -20
right_child=5 2 3 4 -6 7 -8 18 9 -11 -12 12 13 -15 15 -17 -18 -19 20 -21 -22
leaf_value=0.015760235452935808 0.0010660099663904734 0.0020119799969065539 -0.0016090990371924246 -0.00048925757788828691 0.0058463311163668942 -0.015295187793672086 0.013145972788333894 0.023563065612688661 -0.022712053744881243 0.0019381329624189273 0.0066017154772060578 -0.0047703920429338423 -0.0025406138940773093 0.0046401470259885592 -0.0027449022766880015 0.014061783112230756 -0.018687361616898199 -0.0030933150384050089 0.004087391346693039 -0.018977141318221889 0.014637092440389098
leaf_weight=21 28 237 1148 548 1175 20 48 32 27 36 577 963 1093 198 88 63 29 1490 75 24 80
leaf_count=21 28 237 1148 548 1175 20 48 32 27 36 577 963 1093 198 88 63 29 1490 75 24 80
internal_value=-1.44471e-11 -0.000671141 0.000395503 0.00184484 0.0038313 0.00530119 -0.00101692 0.00612913 0.0044846 -0.00862623 0.00586815 -0.00289193 -0.0030635 -0.0014393 -0.00185722 0.00426716 -0.00517724 -0.0023927 0.0119334 -0.00818468 0.0095324
internal_weight=8000 7101 4797 2919 1723 899 1196 847 660 63 597 2304 2283 1291 1878 151 992 1727 187 52 155
internal_count=8000 7101 4797 2919 1723 899 1196 847 660 63 597 2304 2283 1291 1878 151 992 1727 187 52 155
is_linear=0
shrinkage=0.1


Tree=22
num_leaves=30
num_cat=0
split_feature=12 1 12 0 6 7 10 13 8 5 1 12 1 7 10 12 8 8 7 3 2 6 3 13 1 12 6 3 0
split_gain=2.39801 1.9883 1.31788 1.307 1.2571 1.22948 1.21585 1.22231 1.16839 1.14411 1.09847 1.09566 1.06935 0.78117 0.77134 0.843557 0.804446 1.12917 0.760277 0.705602 0.739635 0.596781 0.482053 0.4297 0.352202 0.212409 0.461005 0.110643 0.0790013
threshold=5.2527678669503688 0.93899043609911015 0.9900685316180261 2.3843809286978241 24.500000000000004 46.500000000000007 1.5000000000000002 225.85866533243646 37.500000000000007 1144.0000000000002 0.97447487189928406 0.94446285263859064 0.80714672651292385 74.500000000000014 2.5000000000000004 7.7619299336722154 19.500000000000004 6.5000000000000009 116.50000000000001 38.500000000000007 1.0000000180025095e-35 32.500000000000007 64.500000000000014 267.63466866023015 0.90912342307192107 10.159624078477195 8.5000000000000018 23.500000000000004 2.1675362645714458
decision_type=2 2 2 2 2 2 2 2 2 2 2 2 2 2 2 2 2 2 2 2 2 2 2 2 2 2 2 2 2
left_child=1 6 9 5 -5 -4 13 12 -9 11 -11 -3 -8 21 15 16 17 -2 -15 20 -16 -1 -21 -18 -24 26 -17 -22 -27
right_child=14 2 3 4 -6 -7 7 8 -10 10 -12 -13 -14 18 19 25 23 -19 -20 22 27 -23 24 -25 -26 28 -28 -29 -30
leaf_value=-0.0037048636338844598 0.0024542197533722583 -0.0012774703824218433 0.0037865204777324177 0.013753862672847166 0.0026096652079930253 -0.0085095314865874273 -0.0025140630519565419 -0.0025318319532740912 0.0032607291242492524 0.0019885218143463135 0.026040696943628379 -0.022210954530881004 0.0046481856159905702 0.0035322637598101912 -0.012081541121006012 -0.0023808028163581061 0.00091546099723839179 -0.013580327019805001 -0.0027472919479247194 0.028483107020812377 0.0062117463722825049 -0.0089616724407629838 0.018311342520808634 0.014440707103772597 0.0034477300792932516 0.021039986312389375 0.013200807476585561 0.016730434708297253 0.012530116674800716
leaf_weight=980 145 652 503 242 174 97 289 1907 426 55 29 26 748 260 20 29 41 63 746 28 20 277 44 55 25 20 55 20 24
leaf_count=980 145 652 503 242 174 97 289 1907 426 55 29 26 748 260 20 29 41 63 746 28 20 277 44 55 25 20 55 20 24
internal_value=-2.00933e-11 -0.000488089 0.00242737 0.00478515 0.00909259 0.00179866 -0.00140833 -0.000204408 -0.00147412 -0.000716334 0.0102922 -0.00208023 0.00265215 -0.00320117 0.00614131 0.00395972 0.00109235 -0.0024024 -0.00112435 0.0121442 0.00362021 -0.00486329 0.0174167 0.0086643 0.012926 0.0107697 0.00782144 0.0114711 0.0163982
internal_weight=8000 7411 1778 1016 416 600 5633 3370 2333 762 84 678 1037 2263 589 432 304 208 1006 157 60 1257 97 96 69 128 84 40 44
internal_count=8000 7411 1778 1016 416 600 5633 3370 2333 762 84 678 1037 2263 589 432 304 208 1006 157 60 1257 97 96 69 128 84 40 44
is_linear=0
shrinkage=0.1


Tree=23
num_leaves=27
num_cat=0
split_feature=12 2 1 7 8 13 1 9 13 1 11 6 3 12 13 7 12 1 4 6 4 4 4 10 0 2
split_gain=2.11851 1.21711 0.96711 1.03145 0.894474 1.1128 1.37632 1.34396 0.893202 1.82852 0.977292 0.789819 0.739629 1.42887 1.04621 0.734734 0.651954 0.729543 0.649669 1.13509 1.39016 0.629279 0.496242 0.833387 0.512017 0.132781
threshold=2.2063651187965996 1.0000000180025095e-35 0.86257829719935752 17.500000000000004 29.500000000000004 662.41122005095804 0.83872908660378098 354.50000000000006 549.15258219715679 0.98482545822971368 1.5000000000000002 808.50000000000011 103.50000000000001 3.1974787195281862 112.07827914784859 15.500000000000002 10.159624078477195 0.88413264679162828 1.2979093604147058 27.500000000000004 0.88158191847799083 44.068929867075759 12.673183427736179 2.5000000000000004 1.81962883286296 1.0000000180025095e-35
decision_type=2 2 2 2 2 2 2 2 2 2 2 2 2 2 2 2 2 2 2 2 2 2 2 2 2 2
left_child=2 11 18 15 5 6 -3 -7 10 -10 -5 16 14 -14 -6 21 17 -2 19 -1 -21 -4 24 -24 -20 -17
right_child=1 4 3 8 12 7 -8 -9 9 -11 -12 -13 13 -15 -16 25 -18 -19 22 20 -22 -23 23 -25 -26 -27
leaf_value=-0.013162165920117073 -0.0033672208279523063 -0.002744522540117888 -0.0007940816770750375 0.012657529229329804 -0.0046257512972635384 -0.011114963069558144 0.0044458145124949616 0.017486869851532191 0.0026933732079163289 0.021514886168056524 -0.00045412718408067971 0.018459960411895404 -0.018256088429027133 0.0097504208263541978 0.014328019884346156 -0.0076623207138430682 0.016355006752366369 0.0019539633562471147 -0.00078488053659552253 0.0021876819737589185 0.029430356306525379 -0.0091326270670255769 -0.0035157832027779834 0.0016984306359747508 -0.0064287786552261923 -0.016290583213170371
leaf_weight=28 589 408 587 59 34 20 766 92 469 58 1558 22 27 56 203 31 22 458 217 67 26 107 990 444 620 42
leaf_count=28 589 408 587 59 34 20 766 92 469 58 1558 22 27 56 203 31 22 458 217 67 26 107 990 444 620 42
internal_value=-1.1368e-11 0.00228187 -0.00116051 6.36434e-05 0.00403278 0.00285554 0.00194696 0.0123794 0.00118951 0.00476481 2.4282e-05 -0.000295553 0.00876382 0.00063987 0.0116089 -0.00308351 -0.000681541 -0.00103952 -0.00265028 0.00448945 0.00980391 -0.00207971 -0.00303068 -0.00190134 -0.00496555 -0.0126265
internal_weight=8000 2697 5303 2911 1606 1286 1174 112 2144 527 1617 1091 320 83 237 767 1069 1047 2392 121 93 694 2271 1434 837 73
internal_count=8000 2697 5303 2911 1606 1286 1174 112 2144 527 1617 1091 320 83 237 767 1069 1047 2392 121 93 694 2271 1434 837 73
is_linear=0
shrinkage=0.1


Tree=24
num_leaves=23
num_cat=0
split_feature=12 2 10 1 6 10 0 4 1 11 2 10 12 4 8 12 8 7 9 5 7 4
split_gain=1.83436 1.44328 1.25383 1.30459 2.26606 1.41576 0.892574 0.697036 0.593676 0.586114 0.804838 1.30194 0.550174 0.626295 1.6091 0.88246 0.507551 0.915854 0.337344 0.860244 0.660533 0.131933
threshold=0.70828465036204402 1.0000000180025095e-35 3.5000000000000004 0.93899043609911015 15.500000000000002 2.5000000000000004 1.2043429154929237 0.29031719573482967 0.78322688871821833 4.5000000000000009 1.0000000180025095e-35 4.5000000000000009 6.2617080980980893 58.669429374088914 37.500000000000007 5.9533004296623968 258.50000000000006 267.50000000000006 1782.5000000000002 71.500000000000014 122.50000000000001 1.2979093604147058
decision_type=2 2 2 2 2 2 2 2 2 2 2 2 2 2 2 2 2 2 2 2 2 2
left_child=7 12 3 4 -3 -5 -4 -1 -8 16 21 -12 13 15 -15 -2 17 -9 19 -14 -20 -11
right_child=1 2 6 5 -6 -7 8 9 -10 10 11 -13 18 14 -16 -17 -18 -19 20 -21 -22 -23
leaf_value=-0.017524221179385981 -0.0017551491459078612 -0.0048495714988124067 -0.013603739365935326 0.0030012727156281472 0.0022477715678191445 0.014180859472130387 -0.0084248634321349002 -0.0049347242661825367 0.0087983399520282744 0.0036822995001619518 0.00034685650459914723 0.020079187623092108 0.0095340039953589455 -0.0011267777176245171 0.021066104118214097 -0.022368563924516954 -0.018698333290344833 0.0038412092280366442 0.01918387425442537 -0.012101009970202166 0.001630807349036606 -0.0042360984918894734
leaf_weight=30 1880 616 20 560 1668 142 21 823 426 22 749 35 40 136 43 21 23 139 36 34 53 483
leaf_count=30 1880 616 20 560 1668 142 21 823 426 22 749 35 40 136 43 21 23 139 36 34 53 483
internal_value=-3.89846e-12 0.000963061 0.002246 0.00149241 0.000333602 0.00526267 0.00706445 -0.0023809 0.0079892 -0.00218112 -0.000777702 0.00122776 -0.00101197 -0.00145039 0.00420447 -0.00198286 -0.00401768 -0.00366668 0.00458269 -0.000406408 0.00873092 -0.00389114
internal_weight=8000 5696 3453 2986 2284 702 467 2304 447 2274 1289 784 2243 2080 179 1901 985 962 163 74 89 505
internal_count=8000 5696 3453 2986 2284 702 467 2304 447 2274 1289 784 2243 2080 179 1901 985 962 163 74 89 505
is_linear=0
shrinkage=0.1


Tree=25
num_leaves=28
num_cat=0
split_feature=12 1 2 7 12 8 3 8 12 3 3 3 13 13 10 13 12 12 12 13 1 4 13 0 12 6 0
split_gain=1.62451 1.29495 1.14174 1.21417 1.57936 0.958412 2.06498 1.43798 1.31561 1.1401 0.872884 0.734699 0.646443 0.636303 0.58361 0.670417 0.63593 0.707805 0.691681 0.58028 0.618976 0.487132 0.378269 0.232039 0.153869 0.355799 0.0727305
threshold=5.2527678669503688 0.84058928263741317 1.0000000180025095e-35 17.500000000000004 1.371787790205184 37.500000000000007 37.500000000000007 17.500000000000004 3.5813287314876869 512.50000000000011 170.50000000000003 31.500000000000004 318.41717685118567 714.21780415245655 2.5000000000000004 642.35561063486477 7.7619299336722154 5.4917467593710176 5.7590712670879087 282.10001640863044 0.88110571134038496 90.87167302301944 447.74755596868454 2.3264297380685917 10.159624078477195 8.5000000000000018 2.1675362645714458
decision_type=2 2 2 2 2 2 2 2 2 2 2 2 2 2 2 2 2 2 2 2 2 2 2 2 2 2 2
left_child=1 5 13 10 -5 7 12 9 -8 -1 -4 -9 -7 21 16 19 17 23 -19 20 -16 -3 -21 -2 25 -18 -26
right_child=14 2 3 4 -6 6 8 11 -10 -11 -12 -13 -14 -15 15 -17 24 18 -20 22 -22 -23 -24 -25 26 -27 -28
leaf_value=-0.0022269740859020195 0.0058209073543548581 -0.0017562302058596246 -0.0029218424330063075 0.00049954688647433439 0.0059279974208307174 -0.013363433063495906 0.0046618285702328399 -0.0016165686572350347 0.026408969995475585 0.018111143114843541 0.0080289419831299207 -0.011574456769846041 -0.0012205748261941464 0.016411609277129174 0.014160608872771263 -0.0068265997245907789 -0.0024022443027331914 -0.013090308010578157 0.00092970257118550322 0.024894993116215961 -0.0072304192620019124 0.0095384196879772041 0.011311133820052464 0.020272024013102057 0.018314167708158493 0.01128643577749079 0.010149020949999492
leaf_weight=1765 25 1829 648 1151 1003 80 271 103 31 28 82 264 97 20 31 20 29 42 217 41 24 39 41 20 20 55 24
leaf_count=1765 25 1829 648 1151 1003 80 271 103 31 28 82 264 97 20 31 20 29 42 217 41 24 39 41 20 20 55 24
internal_value=-2.95258e-12 -0.000401732 0.000581279 0.00183279 0.00302728 -0.00217927 0.00186756 -0.00307669 0.00689415 -0.00190937 -0.00169175 -0.00877974 -0.00670887 -0.00133046 0.00505472 0.0102762 0.00315709 0.000667486 -0.00134381 0.012773 0.00482634 -0.00152042 0.0181031 0.0122436 0.00906991 0.00656058 0.0138605
internal_weight=8000 7411 4772 2884 2154 2639 479 2160 302 1793 730 367 177 1888 589 157 432 304 259 137 55 1868 82 45 128 84 44
internal_count=8000 7411 4772 2884 2154 2639 479 2160 302 1793 730 367 177 1888 589 157 432 304 259 137 55 1868 82 45 128 84 44
is_linear=0
shrinkage=0.1


Tree=26
num_leaves=15
num_cat=0
split_feature=12 5 1 0 7 12 12 10 13 4 11 0 6 4
split_gain=1.31912 1.28294 1.19248 1.60457 2.21554 0.818138 0.748888 0.697613 0.594513 0.547547 0.556278 0.789066 0.442793 0.258952
threshold=0.70828465036204402 3.5000000000000004 0.96890040299366731 1.5682705411001658 7.5000000000000009 6.8831390777383099 5.7590712670879087 2.5000000000000004 6.3983420963830104 0.29031719573482967 4.5000000000000009 3.4927807393287504 308.50000000000006 23.758218914204104
decision_type=2 2 2 2 2 2 2 2 2 2 2 2 2 2
left_child=8 -2 3 5 -5 -3 7 -4 -1 -10 12 -12 -11 -8
right_child=1 2 6 4 -6 -7 13 -9 9 10 11 -13 -14 -15
leaf_value=0.014729735255241395 -0.023285245827653192 -0.0051264439912600164 0.0014209906211792133 0.021976061053574088 0.0008013055916331409 0.010181574684542579 0.010677466874476522 0.0081037818675197791 -0.015593865600725017 -0.0032591554311980839 -0.0010361376446821999 0.014189194025737898 -0.012341591489721875 0.02461353499442339
leaf_weight=21 22 619 462 50 4210 37 40 236 30 921 1240 35 57 20
leaf_count=21 22 619 462 50 4210 37 40 236 30 921 1240 35 57 20
internal_value=-1.28304e-11 0.000816684 0.000910135 0.000340877 0.00104984 -0.00426303 0.00460206 0.0036805 -0.00201902 -0.00217309 -0.00199438 -0.000618187 -0.0037885 0.0153228
internal_weight=8000 5696 5674 4916 4260 656 758 698 2304 2283 2253 1275 978 60
internal_count=8000 5696 5674 4916 4260 656 758 698 2304 2283 2253 1275 978 60
is_linear=0
shrinkage=0.1


Tree=27
num_leaves=26
num_cat=0
split_feature=12 1 10 13 9 12 0 7 4 5 4 13 7 12 9 10 3 7 8 8 9 3 8 13 3
split_gain=1.17252 1.06697 0.885692 1.03677 0.904028 0.887235 0.880168 1.16283 1.04491 0.905834 0.752833 0.750396 0.487958 0.750303 0.636641 0.476719 0.539697 0.636052 0.476227 0.846659 0.521668 0.387648 0.295407 0.335913 0.278399
threshold=5.2527678669503688 0.93899043609911015 1.5000000000000002 197.62685337602798 61066.500000000007 0.076488161556448872 2.8836104499595812 233.50000000000003 56.8791658181446 1353.5000000000002 11.137535570755945 188.9030955823705 70.500000000000014 0.031173229621277686 2672.5000000000005 2.5000000000000004 38.500000000000007 23.500000000000004 19.500000000000004 12.500000000000002 1922.5000000000002 64.500000000000014 101.50000000000001 305.25980916864813 94.500000000000014
decision_type=2 2 2 2 2 2 2 2 2 2 2 2 2 2 2 2 2 2 2 2 2 2 2 2 2
left_child=1 2 12 5 -5 -4 7 11 9 -8 -9 -3 14 -14 -1 18 17 -17 19 20 -2 -18 23 -20 -23
right_child=15 6 3 4 -6 -7 8 10 -10 -11 -12 -13 13 -15 -16 16 21 -19 22 -21 -22 24 -24 -25 -26
leaf_value=-0.002944640317928203 -0.00071626454182378537 -0.0025772708936345058 0.017460030559450387 -0.0013212945044998236 0.012681967444083793 0.0022278710088791203 0.012094679999130744 0.00084689788520336167 0.026810714819778998 0.00022690017596355778 -0.024200273503859837 0.0026676416689274361 0.017760706240577358 -0.0013356827647016407 -0.0093538796518939545 0.015090382607145745 0.023548530454614334 -0.0062753950000593549 0.0034509220864714649 -0.014205674188477652 0.0086978179755909692 -5.6253908301836676e-06 -0.00098670311272144331 0.015319450961001086 0.01379910855612252
leaf_weight=1044 182 366 40 2414 47 869 108 20 24 159 30 1071 21 1016 182 22 28 38 41 35 87 21 30 57 48
leaf_count=1044 182 366 40 2414 47 869 108 20 24 159 30 1071 21 1016 182 22 28 38 41 35 87 21 30 57 48
internal_value=-6.20821e-12 -0.000341299 -0.00101541 1.21272e-05 -0.00105386 0.00289815 0.00179441 0.00081015 0.00682392 0.00502735 -0.0141814 0.00133178 -0.0025456 -0.000948967 -0.00389609 0.00429434 0.00901351 0.00155872 0.00257928 0.00042484 0.00232844 0.0136247 0.00769606 0.010354 0.00959767
internal_weight=8000 7411 5633 3370 2461 909 1778 1487 291 267 50 1437 2263 1037 1226 589 157 60 432 304 269 97 128 98 69
internal_count=8000 7411 5633 3370 2461 909 1778 1487 291 267 50 1437 2263 1037 1226 589 157 60 432 304 269 97 128 98 69
is_linear=0
shrinkage=0.1


Tree=28
num_leaves=20
num_cat=0
split_feature=12 2 12 1 5 7 5 7 8 12 5 0 0 1 1 1 8 2 1
split_gain=1.11187 1.27076 1.09901 2.48564 1.21494 1.35675 1.18869 0.691092 1.18141 0.476929 0.903723 0.737582 0.467455 0.530773 1.46036 0.601509 0.398315 0.19218 0.126187
threshold=0.37453603816919118 1.0000000180025095e-35 0.42757623333552891 0.90895274379397462 2912.5000000000005 788.00000000000011 5327.5000000000009 736.00000000000011 135.50000000000003 0.099519525736606565 728.00000000000011 2.7749756683773716 0.69900826774542446 0.96890040299366731 0.97629588465931916 0.96271477423407092 4.5000000000000009 1.0000000180025095e-35 0.85367382416660853
decision_type=2 2 2 2 2 2 2 2 2 2 2 2 2 2 2 2 2 2 2
left_child=7 12 3 16 5 -4 -6 8 9 11 -11 -1 -2 15 -15 -14 -3 -9 -19
right_child=1 2 4 -5 6 -7 -8 17 -10 10 -12 -13 13 14 -16 -17 -18 18 -20
leaf_value=0.0023416767027716035 -0.014273866604047794 -0.0080617012249098886 0.0012440413889746329 0.035503362792153513 0.017723994894788184 -0.015503792038985663 -0.0010578545115210794 -0.0058534377933635064 0.020815276591615244 -0.0051630501031880768 0.0046047542073311062 -0.010647850717399635 -0.0013499952493424554 0.019421331120861904 7.7187945926878728e-05 -0.01233275520304839 0.0075062367178144913 -0.022415906339883804 -0.011440889672799544
leaf_weight=306 27 27 3766 31 87 49 55 27 22 723 109 51 2246 45 294 51 42 20 22
leaf_count=306 27 27 3766 31 87 49 55 27 22 723 109 51 2246 45 294 51 42 20 22
internal_value=2.57714e-12 0.000514521 0.00162864 0.011982 0.00136699 0.00102893 0.0104493 -0.00270123 -0.00214659 -0.00257145 -0.00388337 0.00048603 -0.0011828 -0.00104871 0.00264499 -0.00159384 0.00141443 -0.0124357 -0.0166671
internal_weight=8000 6720 4057 100 3957 3815 142 1280 1211 1189 832 357 2663 2636 339 2297 69 69 42
internal_count=8000 6720 4057 100 3957 3815 142 1280 1211 1189 832 357 2663 2636 339 2297 69 69 42
is_linear=0
shrinkage=0.1


Tree=29
num_leaves=26
num_cat=0
split_feature=12 11 13 1 3 3 1 8 1 13 9 7 9 1 13 10 12 12 11 12 13 13 2 12 10
split_gain=1.02925 0.757614 0.953969 0.866813 1.50819 1.14163 1.08209 0.985001 0.900166 0.671384 0.653722 1.66182 0.644468 0.978354 1.38309 1.26829 0.742477 0.628719 0.795552 0.784976 0.30215 0.413939 0.265443 0.226564 0.0520908
threshold=2.2063651187965996 1.5000000000000002 318.41717685118567 0.84617799024578699 427.00000000000006 277.50000000000006 0.94905312409282638 38.500000000000007 0.84846033147004041 349.28370416202171 6224.0000000000009 34.500000000000007 117.50000000000001 0.98482545822971368 312.72624618991796 3.5000000000000004 1.0176159139803544 2.1131546014869298 4.5000000000000009 2.0703167502590309 315.92300333277399 460.14215373083624 1.0000000180025095e-35 1.3878640546197862 1.5000000000000002
decision_type=2 2 2 2 2 2 2 2 2 2 2 2 2 2 2 2 2 2 2 2 2 2 2 2 2
left_child=12 2 -2 5 8 7 -6 -3 -5 -7 11 -4 20 17 16 -16 -15 19 -19 -14 22 -22 -1 -23 -24
right_child=1 3 10 4 6 9 -8 -9 -10 -11 -12 -13 13 14 15 -17 -18 18 -20 -21 21 23 24 -25 -26
leaf_value=-0.0041854070313274861 0.0068141404332386123 -0.0024744566233345757 -0.024421739807495707 0.023989258681169967 -0.032134716026484968 0.027649046192792334 4.0984289212660359e-06 0.0063475173730403178 0.0036152498883298976 0.0034639737879236542 -0.027028861609490026 0.011687693774700164 -0.00097568391317972604 -0.0087430098376582183 0.0064011353664518746 0.028024989529512823 0.0044053538377026476 0.0026520386426931337 -0.014622130188835812 0.010632735534997309 0.0088942895377320912 -0.0032225529477000235 -0.013780509893383301 -0.015801715655695825 -0.020911464765667916
leaf_weight=25 36 810 26 22 20 22 22 150 1517 24 23 25 4594 89 178 32 83 42 73 59 21 45 21 21 20
leaf_count=25 36 810 26 22 20 22 22 150 1517 24 23 25 4594 89 178 32 83 42 73 59 21 45 21 21 20
internal_value=-5.69489e-12 0.00159051 -0.00653752 0.00193611 0.00339626 -0.000358616 -0.0153001 -0.00109602 0.0039065 0.0150307 -0.0130329 -0.00672104 -0.0008089 -0.000618888 0.00425057 0.0096962 -0.00239816 -0.00100902 -0.0083133 -0.000828489 -0.00720475 -0.00333415 -0.0123069 -0.00722501 -0.017259
internal_weight=8000 2697 110 2587 1581 1006 42 960 1539 46 74 51 5303 5150 382 210 172 4768 115 4653 153 87 66 66 41
internal_count=8000 2697 110 2587 1581 1006 42 960 1539 46 74 51 5303 5150 382 210 172 4768 115 4653 153 87 66 66 41
is_linear=0
shrinkage=0.1


Tree=30
num_leaves=23
num_cat=0
split_feature=10 12 12 2 12 1 4 0 5 6 5 13 0 8 6 4 8 8 6 3 12 1
split_gain=0.978448 1.22195 1.33052 0.803518 0.87836 0.810612 0.773208 0.747163 1.59341 1.05213 1.01754 0.66519 0.588462 1.14568 0.735291 1.02372 0.640269 0.868682 0.82564 0.616144 0.556573 0.4185
threshold=1.5000000000000002 2.9734802342764719 2.8337817267310244 1.0000000180025095e-35 2.6272622494979503 0.80005588348293821 11.268810993298326 1.4473704418791737 25.500000000000004 6.5000000000000009 21.500000000000004 173.17467821511426 3.4462348242326617 180.00000000000003 517.50000000000011 20.668734034003126 163.50000000000003 133.50000000000003 315.50000000000006 36.500000000000007 2.9056186496034981 0.99954170485792859
decision_type=2 2 2 2 2 2 2 2 2 2 2 2 2 2 2 2 2 2 2 2 2 2
left_child=12 2 3 4 -2 -5 -4 8 10 21 -3 -11 16 -14 -15 -16 17 18 -1 -18 -8 -9
right_child=1 7 6 5 -6 -7 20 9 -10 11 -12 -13 13 14 15 -17 19 -19 -20 -21 -22 -23
leaf_value=-0.001313294611295826 -0.0019224996512868778 -0.0024070738105192073 0.00094004749105526845 -0.002910469459375209 0.012753050242151535 0.002391095498523307 -0.030457597025311912 0.010257338345082117 -0.024845251827328295 0.0087965012440044035 0.022690796703100206 0.0018924023684612123 0.022167411464596949 0.013561875264470778 0.0047152937656002383 -0.024492581614426204 0.0001347345649264753 0.01581750175883544 -0.012006060928861435 -0.023022847039694039 -0.0093395539559423934 0.024489983813837171
leaf_weight=2989 1408 84 26 343 42 1812 26 119 27 180 20 621 31 24 28 21 20 29 74 27 24 25
leaf_count=2989 1408 84 26 343 42 1812 26 119 27 180 20 621 31 24 28 21 20 29 74 27 24 25
internal_value=-3.93902e-12 0.000913126 4.65952e-05 0.000322642 -0.00149741 0.00154727 -0.0130474 0.00387753 -0.0032 0.00485865 0.00241944 0.00344389 -0.00133942 0.00606114 -0.000778507 -0.00780237 -0.00158461 -0.00140853 -0.00157162 -0.0131686 -0.0203209 0.0127283
internal_weight=8000 4757 3681 3605 1450 2155 76 1076 131 945 104 801 3243 104 73 49 3139 3092 3063 47 50 144
internal_count=8000 4757 3681 3605 1450 2155 76 1076 131 945 104 801 3243 104 73 49 3139 3092 3063 47 50 144
is_linear=0
shrinkage=0.1


Tree=31
num_leaves=20
num_cat=0
split_feature=12 10 2 0 4 4 3 3 3 0 8 6 8 1 1 2 11 13 8
split_gain=0.837395 0.78999 0.811803 1.17524 0.980381 0.688139 0.591775 0.837387 0.557097 0.502468 1.14483 0.67208 0.378592 0.320104 0.334469 0.205591 0.176139 0.15922 0.120667
threshold=7.7619299336722154 1.5000000000000002 1.0000000180025095e-35 0.95435289550223235 70.562331892633253 54.281270171820331 114.50000000000001 96.500000000000014 662.50000000000011 3.5431343306638854 180.00000000000003 352.00000000000006 44.500000000000007 0.93996466431095416 0.97733692860811516 1.0000000180025095e-35 5.5000000000000009 383.92340819392058 13.500000000000002
decision_type=2 2 2 2 2 2 2 2 2 2 2 2 2 2 2 2 2 2 2
left_child=1 8 6 16 -5 13 7 -3 9 11 -11 -1 -8 15 -15 17 -4 -2 -17
right_child=5 2 3 4 -6 -7 12 -9 -10 10 -12 -13 -14 14 -16 18 -18 -19 -20
leaf_value=-0.0011795478521659593 0.02294544570825317 -0.00063974021256326145 -0.018329093862196496 0.0015944648569068964 0.010243317924871827 -0.010892158783972265 -0.0028598408956163925 0.0088081752000800755 -0.018012801390141248 0.027287092662882064 -0.00045821764185253918 -0.0089716541896695673 -0.010761556657005664 -0.0072561907158656559 0.0098140600292632996 0.010871937914211727 -0.0066107408184072252 0.010772046233926502 0.0021090682098557326
leaf_weight=2954 22 1318 29 2607 138 20 358 101 20 20 58 115 73 22 24 55 23 21 22
leaf_count=2954 22 1318 29 2607 138 20 358 101 20 20 58 115 73 22 24 55 23 21 22
internal_value=-4.99967e-12 -0.000157848 0.000672216 0.00174714 0.00202927 0.00663133 -0.000952956 3.2733e-05 -0.00137582 -0.00127009 0.00665596 -0.00147153 -0.00419818 0.00874259 0.00165003 0.0114614 -0.013146 0.0170003 0.00836826
internal_weight=8000 7814 4647 2797 2745 186 1850 1419 3167 3147 78 3069 431 166 46 120 52 43 77
internal_count=8000 7814 4647 2797 2745 186 1850 1419 3167 3147 78 3069 431 166 46 120 52 43 77
is_linear=0
shrinkage=0.1


Tree=32
num_leaves=15
num_cat=0
split_feature=12 5 6 12 5 1 10 10 12 4 13 11 3 12
split_gain=0.79398 0.889573 0.721902 0.837487 0.783706 0.745675 0.772902 0.693597 0.495378 0.458325 0.446935 0.439123 0.724416 0.508948
threshold=0.70828465036204402 3.5000000000000004 746.50000000000011 1.9128392218349932 5327.5000000000009 0.84217562623135389 5.5000000000000009 1.5000000000000002 2.8700006637343818 0.29031719573482967 6.3983420963830104 3.5000000000000004 126.50000000000001 0.15231753107411902
decision_type=2 2 2 2 2 2 2 2 2 2 2 2 2 2
left_child=9 -2 5 4 -4 7 -7 -3 -5 -1 -11 13 -13 -12
right_child=1 2 3 8 -6 6 -8 -9 -10 10 11 12 -14 -15
leaf_value=-0.013845888242746393 -0.019436015256426551 -0.0031794453422809323 0.01181676764972508 0.028710411556742411 -0.013738833088427783 0.0012409608795078159 0.012880572509662859 0.00057563055642355116 0.0097615958619359372 0.013116645812988282 0.0014096966974357977 -0.0017513753931310281 0.0034633910122721721 -0.0054541051642791856
leaf_weight=30 22 837 24 22 24 3479 58 1193 37 21 141 1316 334 462
leaf_count=30 22 837 24 22 24 3479 58 1193 37 21 141 1316 334 462
internal_value=-6.67096e-12 0.000633601 0.000711418 0.00884746 -0.000961033 0.00055504 0.00143183 -0.000972645 0.0168273 -0.0015664 -0.00140441 -0.00153975 -0.00069578 -0.00384914
internal_weight=8000 5696 5674 107 48 5567 3537 2030 59 2304 2274 2253 1650 603
internal_count=8000 5696 5674 107 48 5567 3537 2030 59 2304 2274 2253 1650 603
is_linear=0
shrinkage=0.1


Tree=33
num_leaves=27
num_cat=0
split_feature=12 2 4 1 6 10 13 0 4 3 4 4 10 4 3 9 3 3 3 8 5 5 3 13 8 1
split_gain=0.717727 0.84503 0.805545 1.17392 1.55184 0.757796 0.987961 0.811818 0.696913 0.845786 0.870591 0.609683 0.811628 0.585924 1.33273 0.797637 0.545684 0.646237 0.541933 0.346023 0.828932 0.548257 0.438863 0.413778 0.314705 0.242715
threshold=0.32412063929447049 1.0000000180025095e-35 90.87167302301944 0.80394813752059102 9.5000000000000018 3.5000000000000004 9.8647144587207389 1.2043429154929237 21.676506345586578 199.50000000000003 34.507268462670766 70.562331892633253 1.5000000000000002 16.427781887741876 37.500000000000007 5500.0000000000009 270.50000000000006 119.50000000000001 26.500000000000004 119.50000000000001 2146.5000000000005 4454.0000000000009 597.50000000000011 374.8783889090675 77.500000000000014 0.88110571134038496
decision_type=2 2 2 2 2 2 2 2 2 2 2 2 2 2 2 2 2 2 2 2 2 2 2 2 2 2
left_child=8 19 5 -4 -5 6 -3 -7 13 11 -11 18 -13 16 -15 -16 17 -1 -10 20 22 25 -2 -23 -22 -21
right_child=1 2 3 4 -6 7 -8 -9 9 10 -12 12 -14 14 15 -17 -18 -19 -20 21 24 23 -24 -25 -26 -27
leaf_value=-0.0023763202068067413 -0.00086109671142983778 0.016357167638265169 -0.01010389043526216 -0.0042824211418628693 0.026131661338549036 -0.013413707228998343 0.00035212566410971254 0.0054033656624557919 -0.014548464498853273 -0.0080944208335131419 0.01965693603269756 -0.010096375518836655 0.013861500309599983 0.023635979054961356 -0.0079869281695395412 0.015307061870892844 -0.013793559720301453 0.0068324543694685148 -0.0058582046544476876 -0.0053249431718584333 0.0053818177017900676 0.012285920584817298 -0.015732776671648026 -0.0071290420634405952 0.021932050995528699 -0.016013009681604629
leaf_weight=422 2529 39 22 25 51 24 3481 513 98 20 26 26 31 32 49 21 34 93 268 42 27 23 20 21 20 43
leaf_count=422 2529 39 22 25 51 24 3481 513 98 20 26 26 31 32 49 21 34 93 268 42 27 23 20 21 20 43
internal_value=-2.0871e-12 0.000382164 0.00127967 0.0102385 0.016127 0.00106327 0.000529454 0.00456238 -0.00234758 -0.00528647 0.00759113 -0.00668687 0.00293335 -0.000230307 0.00672981 -0.000998731 -0.00152344 -0.000713376 -0.0081851 -0.000986334 -0.000735138 -0.0060414 -0.000977783 0.00301969 0.0124245 -0.0107318
internal_weight=8000 6880 4155 98 76 4057 3520 537 1120 469 46 423 57 651 102 70 549 515 366 2725 2596 129 2549 44 47 85
internal_count=8000 6880 4155 98 76 4057 3520 537 1120 469 46 423 57 651 102 70 549 515 366 2725 2596 129 2549 44 47 85
is_linear=0
shrinkage=0.1


Tree=34
num_leaves=18
num_cat=0
split_feature=12 1 5 13 3 13 9 10 5 0 9 13 4 1 1 13 0
split_gain=0.649014 0.633599 0.744135 1.32273 1.16536 1.14972 1.12605 0.679993 0.67216 0.604099 1.58049 0.647535 0.582233 0.254292 0.277004 0.176105 0.121802
threshold=7.7619299336722154 0.942474622252918 247.50000000000003 188.9030955823705 351.50000000000006 218.14036061997746 3777.5000000000005 6.5000000000000009 182.50000000000003 1.5798342106582719 332.50000000000006 433.61146206520579 54.281270171820331 0.93996466431095416 0.97733692860811516 486.37844301857359 1.7403944827076274
decision_type=2 2 2 2 2 2 2 2 2 2 2 2 2 2 2 2 2
left_child=1 7 3 8 6 -5 -4 9 -3 11 -11 -1 13 15 -15 16 -2
right_child=12 2 4 5 -6 -7 -8 -9 -10 10 -12 -13 -14 14 -16 -17 -18
leaf_value=-0.0055415092688817225 0.018802507314831018 -0.0042520930663249986 0.012390993061390791 0.018432609578594567 0.022362457531871219 0.0010343855894993186 0.0013462697786931273 0.016170135148180029 -0.019090199938842228 0.020302722233070718 -0.00043952845986096475 7.6420178349333515e-05 -0.010280754058621826 -0.0066466646099632432 0.0088881060791512322 0.0045758169291442953 0.010331888090626434
leaf_weight=488 24 239 110 40 33 753 574 24 35 37 5127 354 20 22 24 38 58
leaf_count=488 24 239 110 40 33 753 574 24 35 37 5127 354 20 22 24 38 58
internal_value=2.92777e-12 -0.000138964 0.00151655 -0.000157648 0.00400799 0.00191198 0.00312247 -0.000628753 -0.00614747 -0.000695882 -0.00029091 -0.00317958 0.00583798 0.00777999 0.00145843 0.0102033 0.0128111
internal_weight=8000 7814 1784 1067 717 793 684 6030 274 6006 5164 842 186 166 46 120 82
internal_count=8000 7814 1784 1067 717 793 684 6030 274 6006 5164 842 186 166 46 120 82
is_linear=0
shrinkage=0.1


Tree=35
num_leaves=18
num_cat=0
split_feature=5 1 13 3 1 13 13 3 7 12 9 6 3 13 4 7 12
split_gain=0.623777 0.703448 0.852598 1.14788 1.88355 1.01638 0.864916 1.40593 1.24006 0.721138 0.776191 1.05235 0.729071 0.642451 0.729387 0.545024 0.164804
threshold=3.5000000000000004 0.98482545822971368 279.45269869171517 117.50000000000001 0.99676890633482285 102.50393090654025 467.94288173616599 94.500000000000014 18.500000000000004 0.33281468581173268 1266.5000000000002 3.5000000000000004 18.500000000000004 271.01493089704849 19.028800420965272 529.50000000000011 1.2777059595760274
decision_type=2 2 2 2 2 2 2 2 2 2 2 2 2 2 2 2 2
left_child=16 9 3 5 -5 -3 7 -4 -8 13 12 -12 -11 15 -15 -2 -1
right_child=1 2 6 4 -6 -7 8 -9 -10 10 11 -13 -14 14 -16 -17 -18
leaf_value=-0.0062388698955106996 0.0018457312096209289 0.0049643137113889683 0.016037087587839258 -0.0094225665687450357 0.02495420035478231 -0.010552663441687343 -0.0062445384145963312 -0.0044556407384913075 0.0091018552891910087 0.0030861957244599615 0.014825863922359767 0.00077658499088293384 -0.0022385500543244119 -0.0014463822738257112 -0.0081510363915879829 -0.0099590411732523622 -0.018650792408734559
leaf_weight=23 352 64 140 28 37 124 101 44 110 303 54 4205 1699 348 304 44 20
leaf_count=23 352 64 140 28 37 124 101 44 110 303 54 4205 1699 348 304 44 20
internal_value=7.05559e-12 6.49126e-05 0.0032227 -0.00130965 0.0101457 -0.00527029 0.0061257 0.0111367 0.00175595 -0.00021505 0.000191336 0.000954716 -0.00143266 -0.0026429 -0.00457248 0.00053409 -0.0120119
internal_weight=8000 7957 648 253 65 188 395 184 211 7309 6261 4259 2002 1048 652 396 43
internal_count=8000 7957 648 253 65 188 395 184 211 7309 6261 4259 2002 1048 652 396 43
is_linear=0
shrinkage=0.1


Tree=36
num_leaves=21
num_cat=0
split_feature=12 12 8 1 12 4 7 6 8 11 13 4 4 12 9 13 4 4 12 1
split_gain=0.558481 0.594867 1.43524 0.565079 0.968264 0.770086 0.72436 0.612086 1.43869 0.81736 0.3738 0.672918 1.14012 0.818164 0.797134 0.645363 0.676575 0.934021 0.620056 0.223816
threshold=5.2527678669503688 5.0466909228919947 6.5000000000000009 0.84058928263741317 4.4249677513215468 90.87167302301944 29.500000000000004 163.50000000000003 17.500000000000004 2.5000000000000004 302.70778227312661 40.242793944845808 5.9853244415627485 6.8831390777383099 810.50000000000011 357.36818387484612 2.5331754825942219 16.427781887741876 7.1577744605680227 0.86409011700273852
decision_type=2 2 2 2 2 2 2 2 2 2 2 2 2 2 2 2 2 2 2 2
left_child=1 3 -3 7 5 -5 -6 8 -1 -9 11 12 18 -13 -14 19 -17 -18 -2 -12
right_child=10 2 -4 4 6 -7 -8 9 -10 -11 15 13 14 -15 -16 16 17 -19 -20 -21
leaf_value=-0.00088926098278895277 -0.021491400897502899 -0.02731252632759236 0.0033736133575439455 5.149535166919298e-05 0.017408302506165846 0.0091497552551721272 0.0030413460016171351 -0.0084994608421610409 -0.0077665260948857036 0.003055406584021288 0.023255519441921602 -0.023756228884061179 0.023508082598447801 0.0016194576121590757 0.0036749783624833994 0.017109565173450393 -0.0047239748317928565 0.0068870554446794421 0.0018171125224658421 0.0094257985921576623
leaf_weight=1689 25 27 35 4486 56 95 94 70 371 488 22 24 25 27 107 32 124 157 21 25
leaf_count=1689 25 27 35 4486 56 95 94 70 371 488 22 24 25 27 107 32 124 157 21 25
internal_value=5.90683e-12 -0.000235547 -0.00998971 -0.000153256 0.000499046 0.000240174 0.00840501 -0.00133203 -0.00212784 0.00160587 0.00296374 -0.000194869 0.00270674 -0.010322 0.00743125 0.00497296 0.00333227 0.00176333 -0.0108506 0.0158993
internal_weight=8000 7411 62 7349 4731 4581 150 2618 2060 558 589 229 178 51 132 360 313 281 46 47
internal_count=8000 7411 62 7349 4731 4581 150 2618 2060 558 589 229 178 51 132 360 313 281 46 47
is_linear=0
shrinkage=0.1


Tree=37
num_leaves=20
num_cat=0
split_feature=10 12 12 4 12 9 9 6 7 7 12 6 4 2 13 3 3 1 1
split_gain=0.513352 0.738972 1.10465 0.633071 0.556281 2.00033 0.55103 1.38856 1.0485 1.65827 1.03394 0.945773 0.692731 0.524087 0.467978 0.464038 0.50401 0.38008 0.688804
threshold=1.5000000000000002 2.9734802342764719 2.8337817267310244 11.268810993298326 2.6272622494979503 1101.5000000000002 1422.5000000000002 29.500000000000004 23.500000000000004 20.500000000000004 4.9672417379712694 7.5000000000000009 5.3320981102185998 1.0000000180025095e-35 377.14965693565949 597.50000000000011 479.50000000000006 0.7719422493911835 0.77364508443550151
decision_type=2 2 2 2 2 2 2 2 2 2 2 2 2 2 2 2 2 2 2
left_child=15 2 4 -4 13 -6 8 10 9 -3 -8 -10 -9 -2 -5 16 17 -1 -19
right_child=1 6 3 14 5 -7 7 12 11 -11 -12 -13 -14 -15 -16 -17 -18 18 -20
leaf_value=-0.011987784554460838 -0.0014842179993985901 0.00045886059528787196 0.00071319934840385728 -0.027819806366012646 -0.0091610943898558627 0.016914528333827072 0.017801436562186631 -0.0052719595067347181 0.0063812169122199214 0.024201152044715304 0.0022959384711130578 -0.014667892157150484 0.0039095788639748382 0.0010158549259235705 -0.0084553458417455356 -0.014276020708852089 0.013887543117870455 0.016381587424194037 -0.00098716901806754115
leaf_weight=31 1408 271 26 26 48 76 117 105 30 33 68 74 378 2073 24 26 23 23 3140
leaf_count=31 1408 271 26 26 48 76 117 105 30 33 68 74 378 2073 24 26 23 23 3140
internal_value=-4.10946e-12 0.000661408 -1.24532e-05 -0.0119434 0.000239073 0.00682074 0.00296669 0.00473526 7.10827e-05 0.00303615 0.0121021 -0.00859603 0.00191359 4.62175e-06 -0.0185249 -0.000970188 -0.000862649 -0.000968865 -0.000860871
internal_weight=8000 4757 3681 76 3605 124 1076 668 408 304 185 104 483 3481 50 3243 3217 3194 3163
internal_count=8000 4757 3681 76 3605 124 1076 668 408 304 185 104 483 3481 50 3243 3217 3194 3163
is_linear=0
shrinkage=0.1


Tree=38
num_leaves=17
num_cat=0
split_feature=5 12 1 11 10 11 8 9 12 10 6 1 13 12 12 4
split_gain=0.488824 0.529707 0.498528 0.773427 0.869579 0.792829 0.512349 1.70705 0.793008 0.340231 0.675143 0.990434 0.557535 0.338329 0.12778 0.0971652
threshold=3.5000000000000004 5.2527678669503688 0.98482545822971368 3.5000000000000004 1.0000000180025095e-35 7.5000000000000009 3.5000000000000004 435.00000000000006 4.9672417379712694 2.5000000000000004 6.5000000000000009 0.90310544053923947 678.18210743394036 10.159624078477195 1.2777059595760274 19.028800420965272
decision_type=2 2 2 2 2 2 2 2 2 2 2 2 2 2 2 2
left_child=14 2 6 4 -4 -5 8 -8 -2 12 15 -12 13 -3 -1 -11
right_child=1 9 3 5 -6 -7 7 -9 -10 10 11 -13 -14 -15 -16 -17
leaf_value=-0.0055500638408019498 -0.0014565075015310048 -0.00033702521342529016 -0.019935280912452277 0.0064026025462556972 -7.2465610379974054e-05 -0.0051669346700821614 0.028628809572685335 5.2234714069814625e-05 -0.018103650109521276 0.012977741768752988 0.0076617503580584962 -0.015617174327211537 0.016316092169533173 0.0092436119408642013 -0.016479218113236129 0.022487482747861318
leaf_weight=23 2157 365 27 385 120 70 21 4563 29 22 89 23 24 41 20 21
leaf_count=23 2157 365 27 385 120 70 21 4563 29 22 89 23 24 41 20 21
internal_value=7.49615e-12 5.74634e-05 -0.000172378 0.00258533 -0.00372074 0.00462267 -0.000417598 0.000183148 -0.00167735 0.00295386 0.00697063 0.00288126 0.00150595 0.000630478 -0.0106334 0.017622
internal_weight=8000 7957 7372 602 147 455 6770 4584 2186 585 155 112 430 406 43 43
internal_count=8000 7957 7372 602 147 455 6770 4584 2186 585 155 112 430 406 43 43
is_linear=0
shrinkage=0.1


Tree=39
num_leaves=17
num_cat=0
split_feature=10 12 1 4 3 6 7 1 0 3 5 12 7 13 0 8
split_gain=0.470879 0.489876 0.711858 1.08514 0.960744 0.777721 0.874859 0.659383 0.488351 0.479777 1.09911 1.44238 0.521477 0.547609 0.516971 0.48922
threshold=6.5000000000000009 0.90850031786607066 0.78086649035747191 11.268810993298326 110.50000000000001 879.50000000000011 1953.5000000000002 0.8193139398447683 1.8452825438382707 156.50000000000003 860.50000000000011 0.29417573708262457 442.50000000000006 201.26213261153018 2.7689132725309702 132.50000000000003
decision_type=2 2 2 2 2 2 2 2 2 2 2 2 2 2 2 2
left_child=1 9 3 4 -3 6 -4 -7 -5 12 14 -12 15 -14 -11 -1
right_child=-2 2 5 8 -6 7 -8 -9 -10 10 11 -13 13 -15 -16 -17
leaf_value=-0.0013601195983060929 0.011920651321468707 0.011121361566677927 0.00075610385444991267 0.0010655707805543332 -0.011726305648111382 0.00067457778092760306 -0.020202281596139075 0.022268857776878342 -0.011881739594531756 0.00046028332674987854 -0.0031722608889039189 0.023079115925356747 -0.015598457305226477 -0.0035242200625554619 -0.015393630482933738 0.013300867923332946
leaf_weight=2184 33 63 4795 37 26 26 20 31 137 316 36 50 50 151 22 23
leaf_count=2184 33 63 4795 37 26 26 20 31 137 316 36 50 50 151 22 23
internal_value=-2.33544e-11 -4.93764e-05 0.000532957 -0.00453464 0.00444676 0.000806516 0.000669049 0.0124188 -0.00912858 -0.00110527 0.00199657 0.0120902 -0.00165144 -0.00652776 -0.000571628 -0.00120733
internal_weight=8000 7967 5135 263 89 4872 4815 57 174 2832 424 86 2408 201 338 2207
internal_count=8000 7967 5135 263 89 4872 4815 57 174 2832 424 86 2408 201 338 2207
is_linear=0
shrinkage=0.1


Tree=40
num_leaves=18
num_cat=0
split_feature=10 12 3 8 6 12 4 1 5 12 4 7 12 1 3 6 1
split_gain=0.3947 0.713159 0.556202 0.730381 0.875435 0.767702 0.443066 1.25351 1.16332 0.888076 0.718773 0.424218 0.389481 0.622635 0.388317 0.317809 0.305831
threshold=4.5000000000000009 0.093719331004445919 199.50000000000003 43.500000000000007 213.50000000000003 4.8215298958368686 90.87167302301944 0.90594199861364122 254.50000000000003 2.9056186496034981 87.389148673916097 26.500000000000004 0.90850031786607066 0.78086649035747191 156.50000000000003 22.500000000000004 0.80394813752059102
decision_type=2 2 2 2 2 2 2 2 2 2 2 2 2 2 2 2 2
left_child=6 -2 3 5 -5 -3 10 9 11 16 12 -9 14 -14 -1 -4 -8
right_child=1 2 15 4 -6 -7 7 8 -10 -11 -12 -13 13 -15 -16 -17 -18
leaf_value=-0.0016953973934490905 0.021036648484213012 -0.00011002423104612902 0.0003830843232572079 0.030224786432726043 0.00099139465019106878 0.016808744147419931 -0.015241994064611694 0.01608908140943164 0.034666978144510224 0.013796978687931753 -0.015724545142923794 -0.0042607962712645532 -0.0045852408379468386 0.00059069108548231314 0.0017267914221665145 -0.017034235884520143 -0.0024589270185373848
leaf_weight=2246 21 253 20 21 20 30 27 21 22 29 30 20 245 4523 389 22 61
leaf_count=2246 21 253 20 21 20 30 27 21 22 29 30 20 245 4523 389 22 61
internal_value=-3.0969e-11 0.00311538 0.00208711 0.00349066 0.0159646 0.00168348 -0.000158368 0.00474396 0.0161163 -0.00137962 -0.000277084 0.00616231 -0.000214485 0.00032473 -0.00119019 -0.00874027 -0.006381
internal_weight=8000 387 366 324 41 283 7613 180 63 117 7433 41 7403 4768 2635 42 88
internal_count=8000 387 366 324 41 283 7613 180 63 117 7433 41 7403 4768 2635 42 88
is_linear=0
shrinkage=0.1


Tree=41
num_leaves=17
num_cat=0
split_feature=5 1 13 13 3 7 12 13 13 5 6 7 13 4 9 12
split_gain=0.386888 0.400767 0.710081 0.889028 1.23438 0.974663 0.85043 1.61464 0.475637 0.474962 0.709198 0.670219 0.594813 0.907247 0.548262 0.10724
threshold=3.5000000000000004 0.98482545822971368 312.72624618991796 467.94288173616599 94.500000000000014 18.500000000000004 1.0176159139803544 102.50393090654025 150.35433505277589 46.500000000000007 1.5000000000000002 8.5000000000000018 433.61146206520579 44.819240787518844 419.50000000000006 1.2777059595760274
decision_type=2 2 2 2 2 2 2 2 2 2 2 2 2 2 2 2
left_child=15 9 6 4 -4 -5 8 -8 -3 12 -11 -12 14 -14 -2 -1
right_child=1 2 3 5 -6 -7 7 -9 -10 10 11 -13 13 -15 -16 -17
leaf_value=-0.0048030614212621007 -0.0020437269956412973 -0.015429241254925728 0.016163722605039045 -0.0058734188925954377 -0.0057558029974726123 0.0077319830181923777 0.017221036262132904 -0.0033396523982286452 -0.0021200852275922383 -0.015171827321561674 0.0088561637172726599 0.00011580656221494204 0.0027813856645039397 -0.0098328832728678695 -0.008419378455473454 -0.01481533894315362
leaf_weight=23 410 50 116 101 33 110 55 125 58 30 89 6158 353 68 201 20
leaf_count=23 410 50 116 101 33 110 55 125 58 30 89 6158 353 68 201 20
internal_value=-1.31477e-11 5.11219e-05 0.00243461 0.00539543 0.0113091 0.00121944 -0.00126641 0.00294278 -0.00828173 -0.000160193 0.000166669 0.000240329 -0.00214828 0.000743927 -0.00414112 -0.00945993
internal_weight=8000 7957 648 360 149 211 288 180 108 7309 6277 6247 1032 421 611 43
internal_count=8000 7957 648 360 149 211 288 180 108 7309 6277 6247 1032 421 611 43
is_linear=0
shrinkage=0.1


Tree=42
num_leaves=26
num_cat=0
split_feature=2 12 4 4 1 3 12 8 0 4 3 3 4 3 11 10 3 0 0 0 3 3 1 8 11
split_gain=0.376551 0.572956 0.583281 1.08263 1.46951 0.997423 0.911598 1.94781 0.698837 0.51998 0.880402 0.801102 1.11599 0.617728 0.210988 0.638271 0.501309 1.21362 0.41773 0.585169 0.294121 0.267897 0.22146 0.197873 0.171012
threshold=1.0000000180025095e-35 0.32412063929447049 17.386255370595222 8.7380986849695272 0.99090695989430178 18.500000000000004 0.41214856686295048 9.5000000000000018 3.3802472982673408 21.676506345586578 252.50000000000003 26.500000000000004 33.040821171200527 119.50000000000001 5.5000000000000009 5.5000000000000009 354.50000000000006 2.5822986694168484 3.096171061627365 3.0296242807043225 176.50000000000003 114.50000000000001 0.9474196190866272 3.5000000000000004 7.5000000000000009
decision_type=2 2 2 2 2 2 2 2 2 2 2 2 2 2 2 2 2 2 2 2 2 2 2 2 2
left_child=14 9 3 5 -5 -3 7 -4 -8 10 13 23 -13 -2 15 16 21 -18 19 20 -16 -1 24 -11 -20
right_child=1 2 6 4 -6 -7 8 -9 -10 11 -12 12 -14 -15 18 -17 17 -19 22 -21 -22 -23 -24 -25 -26
leaf_value=-0.00010993662993386368 -0.00021298292974959937 0.0084198972101880137 -0.00057378936004131404 -0.0039893778299515629 0.011746580293402076 0.00054801470018528441 0.0014198402337353782 0.030847760728176906 0.0117418344687287 -0.0079546130395361358 -0.015960564320125888 -0.011982645545350879 0.0031871775026196866 0.011054646223783493 -0.0010267675115589253 0.013804018194787205 -0.0016031149885526335 0.027958952653266134 -0.0090253763036251232 0.015206561317401274 -0.005979790221083991 -0.0030495993361711201 -0.016703565677870874 -0.018708229234272785 0.00088613617613359733
leaf_weight=1468 302 189 47 816 64 1085 1852 34 68 28 31 76 134 58 960 32 41 21 49 21 137 393 23 44 27
leaf_count=1468 302 189 47 816 64 1085 1852 34 68 28 31 76 134 58 960 32 41 21 49 21 137 393 23 44 27
internal_value=-1.33197e-11 0.000556096 0.000994525 -0.000147444 -0.00284494 0.00171582 0.00222381 0.0126155 0.00178541 -0.0021507 0.000209901 -0.00542373 -0.00230285 0.00160236 -0.000846416 -0.000202936 -0.000436021 0.00840984 -0.00188011 -0.00132879 -0.00164533 -0.000730725 -0.00810606 -0.0145263 -0.00550418
internal_weight=8000 4828 4155 2154 880 1274 2001 81 1920 673 391 282 210 360 3172 1955 1923 62 1217 1118 1097 1861 99 72 76
internal_count=8000 4828 4155 2154 880 1274 2001 81 1920 673 391 282 210 360 3172 1955 1923 62 1217 1118 1097 1861 99 72 76
is_linear=0
shrinkage=0.1


Tree=43
num_leaves=24
num_cat=0
split_feature=10 12 12 4 13 13 3 9 6 12 7 7 1 4 7 3 0 6 0 8 3 6 6
split_gain=0.364758 0.45102 0.904787 0.529152 0.497118 1.37557 0.785168 0.453936 1.10503 0.847089 0.846527 1.33321 0.742011 0.583098 0.416075 0.392614 0.328809 0.96792 0.882296 0.686697 0.485644 0.431599 0.281078
threshold=1.5000000000000002 2.9734802342764719 2.8337817267310244 11.268810993298326 225.85866533243646 185.18795806043099 662.50000000000011 1422.5000000000002 29.500000000000004 4.9672417379712694 23.500000000000004 20.500000000000004 0.92071349992142082 5.8483475312143716 49.500000000000007 662.50000000000011 3.3564083985326847 387.50000000000006 3.2190191429604709 91.500000000000014 37.500000000000007 879.50000000000011 141.50000000000003
decision_type=2 2 2 2 2 2 2 2 2 2 2 2 2 2 2 2 2 2 2 2 2 2 2
left_child=15 2 4 -4 5 -2 -6 10 9 -9 11 -3 -12 -10 -5 16 18 22 19 -1 -20 -19 -18
right_child=1 7 3 14 6 -7 -8 8 13 -11 12 -13 -14 -15 -16 -17 17 21 20 -21 -22 -23 -24
leaf_value=-0.00094635095671851256 0.0003828817112092941 8.3656127588665368e-05 0.00080454679062733287 -0.0076615903973579411 -0.0006964800165536149 0.0095711952098880455 0.018279286101460457 0.01569425563689154 -0.0048045705031734293 0.0016595574489602931 -0.013561736978590489 0.021372156048362907 0.0049045459978984702 0.003377792760944322 -0.025906031847000122 -0.014785493191884597 0.008144119335338474 -0.008938243826042809 -0.0030921181099432889 0.0081715610924669915 -0.019674220119946101 0.0044982006517695445 0.023614199204451364
leaf_weight=2924 920 271 26 25 2465 198 22 117 114 68 73 33 31 369 25 20 24 45 33 85 38 51 23
leaf_count=2924 920 271 26 25 2465 198 22 117 114 68 73 33 31 369 25 20 24 45 33 85 38 51 23
internal_value=1.2622e-12 0.000557525 3.10776e-05 -0.0107667 0.000258715 0.00201015 -0.00052862 0.0023585 0.00396372 0.0105356 -0.000269642 0.00239458 -0.00805736 0.00144655 -0.0167838 -0.000817806 -0.000731131 0.00395645 -0.000948769 -0.000688783 -0.011967 -0.00180013 0.0157146
internal_weight=8000 4757 3681 76 3605 1118 2487 1076 668 185 408 304 104 483 50 3243 3223 143 3080 3009 71 96 47
internal_count=8000 4757 3681 76 3605 1118 2487 1076 668 185 408 304 104 483 50 3243 3223 143 3080 3009 71 96 47
is_linear=0
shrinkage=0.1


Tree=44
num_leaves=16
num_cat=0
split_feature=11 3 7 12 12 12 8 8 8 10 13 10 9 13 3
split_gain=0.335763 0.434958 0.688333 0.345048 0.322228 0.482084 0.994008 0.387597 0.872539 0.337149 0.581843 0.582295 0.50796 0.346489 0.313548
threshold=10.500000000000002 90.500000000000014 106.50000000000001 1.7744229000290255 5.2527678669503688 5.0466909228919947 6.5000000000000009 695.00000000000011 406.50000000000006 1.0000000180025095e-35 232.40051318088612 3.5000000000000004 1087.5000000000002 419.86773970744463 57.500000000000007
decision_type=2 2 2 2 2 2 2 2 2 2 2 2 2 2 2
left_child=4 2 3 -2 5 7 -7 8 -1 12 11 -11 -6 -12 -14
right_child=1 -3 -4 -5 9 6 -8 -9 -10 10 13 -13 14 -15 -16
leaf_value=2.7076385656073905e-06 -0.0092286771464654624 0.0055563511962715825 0.005148101128313853 -0.025531839189075291 -0.014826031415550799 -0.023302359961801106 0.0022349371973957336 0.011712156994534392 -0.015393240623981567 -0.0043529659387870475 0.0096619398118211672 0.013593496564066127 -0.0043744196550864157 0.003133519974009838 0.010835426219779513
leaf_weight=7188 34 26 23 21 27 27 35 28 37 130 130 21 33 217 23
leaf_count=7188 34 26 23 21 27 27 35 28 37 130 130 21 33 217 23
internal_value=-1.69087e-11 -0.00564492 -0.00937868 -0.0154535 7.43506e-05 -0.000105685 -0.00888614 -3.06283e-05 -7.61367e-05 0.00234107 0.00332451 -0.0018571 -0.00355956 0.00557933 0.00187248
internal_weight=8000 104 78 55 7896 7315 62 7253 7225 581 498 151 83 347 56
internal_count=8000 104 78 55 7896 7315 62 7253 7225 581 498 151 83 347 56
is_linear=0
shrinkage=0.1


Tree=45
num_leaves=13
num_cat=0
split_feature=10 11 3 7 2 12 3 1 8 5 6 12
split_gain=0.307601 0.346507 0.405901 0.6505 0.301944 0.533437 0.61958 0.568558 0.326394 0.496878 0.360212 0.194839
threshold=6.5000000000000009 10.500000000000002 90.500000000000014 106.50000000000001 1.0000000180025095e-35 0.33281468581173268 74.500000000000014 0.98594020261922422 119.50000000000001 2146.5000000000005 106.50000000000001 1.7744229000290255
decision_type=2 2 2 2 2 2 2 2 2 2 2 2
left_child=1 4 3 11 8 7 -7 -6 9 -1 -10 -3
right_child=-2 2 -4 -5 5 6 -8 -9 10 -11 -12 -13
leaf_value=-0.00066801818769491022 0.0096347295481598733 -0.010657031666205238 0.00500071608962921 0.0046332906283762148 -0.0030034807940049995 0.0019603304866435299 -0.00057231309203447484 0.0066319392336642042 -0.017708461210131646 0.0091022717292016421 -0.0033418822197420319 -0.022978655231140913
leaf_weight=2909 33 33 26 23 616 2478 1583 68 20 53 137 21
leaf_count=2909 33 33 26 23 616 2478 1583 68 20 53 137 21
internal_value=-2.04545e-13 -3.99079e-05 -0.00580242 -0.00945024 3.55676e-05 0.000537946 0.000973092 -0.00204557 -0.000728712 -0.000493195 -0.00517202 -0.0154488
internal_weight=8000 7967 103 77 7864 4745 4061 684 3119 2962 157 54
internal_count=8000 7967 103 77 7864 4745 4061 684 3119 2962 157 54
is_linear=0
shrinkage=0.1


Tree=46
num_leaves=12
num_cat=0
split_feature=5 12 10 7 1 11 13 4 13 5 12
split_gain=0.311157 0.324853 0.308868 0.3847 0.382263 0.81912 0.426514 0.332606 0.170452 0.117336 0.0822174
threshold=3.5000000000000004 10.159624078477195 1.5000000000000002 1.5000000000000002 0.96692925165856736 8.5000000000000018 212.89013334350292 8.8775520398362335 425.42308649497153 112.50000000000001 1.2777059595760274
decision_type=2 2 2 2 2 2 2 2 2 2 2
left_child=10 2 3 8 6 -6 -4 -5 -2 -3 -1
right_child=1 9 4 7 5 -7 -8 -9 -10 -11 -12
leaf_value=-0.0044061566343652492 0.0023674826581208484 0.012760994102184973 0.0017603391943062643 0.00064563279240670876 0.0037548985053207787 -0.010539490400358689 -0.00050177872370445035 -0.0015807513172154738 0.015108565888589338 0.003783121084750353 -0.01317287757527083
leaf_weight=23 21 24 1170 969 592 43 2898 2182 21 37 20
leaf_count=23 21 24 1170 969 592 43 2898 2182 21 37 20
internal_value=-6.29643e-12 4.58463e-05 -1.03141e-05 -0.000769366 0.000505027 0.00278693 0.00014883 -0.000896091 0.00873802 0.0073154 -0.0084837
internal_weight=8000 7957 7896 3193 4703 635 4068 3151 42 61 43
internal_count=8000 7957 7896 3193 4703 635 4068 3151 42 61 43
is_linear=0
shrinkage=0.1


Tree=47
num_leaves=19
num_cat=0
split_feature=1 3 8 3 8 13 6 3 11 3 3 9 6 8 12 4 4 7
split_gain=0.254471 0.471353 0.487933 1.65938 1.05131 0.837112 0.761443 0.558438 0.519954 0.431757 1.7379 1.11099 1.67528 0.790154 0.552339 0.454849 0.951902 0.678541
threshold=0.84058928263741317 512.50000000000011 37.500000000000007 37.500000000000007 17.500000000000004 87.390551701895788 135.50000000000003 32.500000000000007 6.5000000000000009 379.50000000000006 351.50000000000006 7259.5000000000009 35.500000000000007 5.5000000000000009 1.6221930608598003 39.943464005902733 70.562331892633253 2410.0000000000005
decision_type=2 2 2 2 2 2 2 2 2 2 2 2 2 2 2 2 2 2
left_child=1 2 4 8 5 -1 -5 -6 -4 10 15 12 13 -11 -13 17 -17 -2
right_child=9 -3 3 6 7 -7 -8 -9 -10 11 -12 14 -14 -15 -16 16 -18 -19
leaf_value=0.0051144561334818149 0.00099181213418080504 0.010454023609290252 -0.0023662138749400517 -0.0075489536548654246 -0.00043869070274930476 -0.0013323865070717375 0.0078678661990187471 -0.0086782296712885187 -0.014147282678347368 -0.010574491927024698 0.023810807924019173 0.019854426790367474 -0.03553601787203834 0.0094232823057421328 -0.0023088473482462376 -0.0035135581861543705 0.0035682126927497611 -0.016618544439023192
leaf_weight=229 3999 37 134 36 117 1672 291 277 52 62 32 22 21 29 23 682 263 22
leaf_count=229 3999 37 134 36 117 1672 291 277 52 62 32 22 21 29 23 682 263 22
internal_value=1.23917e-11 -0.000759185 -0.000906938 0.0018812 -0.00153017 -0.000555781 0.0061706 -0.00623146 -0.00565985 0.000418988 0.00058119 -0.00474462 -0.0100768 -0.00420157 0.00852653 0.000431503 -0.00154265 0.000895461
internal_weight=8000 2845 2808 513 2295 1901 327 394 186 5155 4998 157 112 91 45 4966 945 4021
internal_count=8000 2845 2808 513 2295 1901 327 394 186 5155 4998 157 112 91 45 4966 945 4021
is_linear=0
shrinkage=0.1


Tree=48
num_leaves=18
num_cat=0
split_feature=9 9 10 4 4 13 9 1 7 2 4 1 5 4 6 12 13
split_gain=0.251278 1.36681 0.631973 0.481359 0.678834 0.407671 0.379784 1.01369 0.768892 0.5883 0.3513 0.829458 1.32911 0.579902 0.775349 0.563865 0.398211
threshold=61066.500000000007 80954.000000000015 1.5000000000000002 7.2284498450158692 32.302652476356052 284.84371856363424 40759.000000000007 0.9444957896898748 1338.0000000000002 1.0000000180025095e-35 90.87167302301944 0.90594199861364122 254.50000000000003 84.524493807070698 24.500000000000004 2.9056186496034981 711.40120012323871
decision_type=2 2 2 2 2 2 2 2 2 2 2 2 2 2 2 2 2
left_child=6 2 -2 -3 5 -5 10 8 9 -8 13 15 -13 16 -15 -12 -1
right_child=1 3 -4 4 -6 -7 7 -9 -10 -11 11 12 -14 14 -16 -17 -18
leaf_value=-9.3922489265438032e-05 0.003139161537198917 0.0098120698600541803 0.024477733671665194 -0.0051723072855648679 0.0065296244627626792 -0.024213139801893546 -0.0042190296506440196 0.011817205023880189 0.0049533733574207879 -0.02305258640174776 -0.0048776818611215621 0.0037169748700635382 0.034920401675626635 0.0005620714826363838 -0.022447986969793287 0.011093599535524846 0.0067111217475699621
leaf_weight=7412 23 20 35 22 22 23 27 26 24 43 84 43 20 32 27 30 87
leaf_count=7412 23 20 35 22 22 23 27 26 24 43 84 43 20 32 27 30 87
internal_value=2.90495e-11 0.00412498 0.0160159 -0.0038023 -0.00786629 -0.0149043 -7.61453e-05 -0.00565872 -0.0104925 -0.0157882 1.04622e-05 0.00441424 0.0136228 -9.26694e-05 -0.00996796 -0.000674713 -1.49734e-05
internal_weight=8000 145 58 87 67 45 7855 120 94 70 7735 177 63 7558 59 114 7499
internal_count=8000 145 58 87 67 45 7855 120 94 70 7735 177 63 7558 59 114 7499
is_linear=0
shrinkage=0.1


Tree=49
num_leaves=14
num_cat=0
split_feature=5 12 4 10 12 12 1 4 8 1 1 2 12
split_gain=0.251619 0.283235 0.328813 0.256903 0.580148 0.508397 0.314587 0.840344 0.416971 0.184478 0.251477 0.184424 0.0688732
threshold=3.5000000000000004 7.7619299336722154 52.359672758853186 4.5000000000000009 0.093719331004445919 4.8215298958368686 0.78003215434083606 11.268810993298326 695.00000000000011 0.93996466431095416 0.97733692860811516 1.0000000180025095e-35 1.2777059595760274
decision_type=2 2 2 2 2 2 2 2 2 2 2 2 2
left_child=12 3 9 6 -5 -6 7 -2 -8 11 -11 -3 -1
right_child=1 2 -4 4 5 -7 8 -9 -10 10 -12 -13 -14
leaf_value=-0.0038969934910394093 0.0039437496749198308 0.012739036602596211 -0.0075522648636251691 0.018647334618227825 0.00050446222004483479 0.015293586979620159 -8.0769515051596654e-05 -0.0064527752174277954 0.012606546676789338 -0.00796429713567098 0.0073346722246655687 0.0045441766299374742 -0.011920797570492142
leaf_weight=23 115 43 22 21 331 25 7015 240 26 21 22 76 20
leaf_count=23 115 43 22 21 331 25 7015 240 26 21 22 76 20
internal_value=-1.99465e-11 4.12274e-05 0.00391901 -5.05663e-05 0.00249578 0.00154302 -0.000180363 -0.00308489 -3.39196e-05 0.00547684 -0.000136917 0.00750534 -0.007629
internal_weight=8000 7957 184 7773 377 356 7396 355 7041 162 43 119 43
internal_count=8000 7957 184 7773 377 356 7396 355 7041 162 43 119 43
is_linear=0
shrinkage=0.1


Tree=50
num_leaves=24
num_cat=0
split_feature=2 10 13 8 6 12 1 11 11 3 9 8 1 13 5 12 1 13 6 12 3 8 9
split_gain=0.250465 0.429657 0.601732 0.532811 1.25823 1.0479 0.520469 0.495686 0.959084 0.404315 0.212329 0.879459 1.01002 1.07393 0.533383 0.58589 0.407261 0.400311 0.400115 0.708764 0.446568 0.341581 0.282808
threshold=1.0000000180025095e-35 3.5000000000000004 9.8647144587207389 29.500000000000004 146.50000000000003 1.3878640546197862 0.78003215434083606 9.5000000000000018 7.5000000000000009 47.500000000000007 8733.0000000000018 45.500000000000007 0.9245469313541389 447.74755596868454 895.50000000000011 4.2538891792824467 0.80856798761254811 396.46631588809322 115.50000000000001 2.0889897641383279 369.00000000000006 53.500000000000007 10960.000000000002
decision_type=2 2 2 2 2 2 2 2 2 2 2 2 2 2 2 2 2 2 2 2 2 2 2
left_child=10 2 9 4 -4 -5 -3 8 -8 -2 11 18 13 -13 16 21 -12 -17 20 -20 -1 -16 -18
right_child=1 6 3 5 -6 -7 7 -9 -10 -11 14 12 -14 -15 15 17 22 -19 19 -21 -22 -23 -24
leaf_value=-0.00061252032362947172 0.00084003414958715443 -0.012280868264761838 -0.0002638009794962993 -0.0011714181412003442 -0.010699552887429794 0.0056591477507634607 0.0024584281009070023 -0.01173977927482199 0.014899197918629007 0.018955711594649725 0.0041451754393400974 -0.010813957484888621 0.025379258979644093 0.018879752020750727 0.0025053664832375942 0.015305212939145147 -0.013421258021538197 -0.00097862140347178164 -0.00043936237505274927 0.019166316544370995 -0.0087767629413776933 -0.0038613461021559364 -0.0045093743547574795
leaf_weight=2308 22 22 3105 469 120 431 540 21 70 28 27 29 28 21 120 36 76 26 54 28 69 283 67
leaf_count=2308 22 22 3105 469 120 431 540 21 70 28 27 29 28 21 120 36 76 26 54 28 69 283 67
internal_value=3.80287e-12 0.000453536 8.04527e-05 -5.17214e-05 -0.000652108 0.00209966 0.00283887 0.00336602 0.00388606 0.0109848 -0.000690312 -0.000280991 0.0101729 0.0016574 -0.00232567 -0.000573276 -0.00711896 0.00847651 -0.000612591 0.00625526 -0.000849513 -0.00196555 -0.00924576
internal_weight=8000 4828 4175 4125 3225 900 653 631 610 50 3172 2537 78 50 635 465 170 62 2459 82 2377 403 143
internal_count=8000 4828 4175 4125 3225 900 653 631 610 50 3172 2537 78 50 635 465 170 62 2459 82 2377 403 143
is_linear=0
shrinkage=0.1


Tree=51
num_leaves=21
num_cat=0
split_feature=0 5 7 0 3 13 5 11 5 11 3 13 11 6 5 13 13 6 2 1
split_gain=0.218394 1.02731 0.88205 0.718244 0.997295 1.17271 0.632048 0.817085 0.669677 0.478102 0.639558 0.673739 0.363485 0.430692 0.510284 0.303555 1.1768 0.804475 0.209609 0.344477
threshold=2.313996761872898 225.50000000000003 31.500000000000004 2.3470614047257627 20.500000000000004 419.86773970744463 254.50000000000003 5.5000000000000009 294.50000000000006 1.5000000000000002 21.500000000000004 511.6029035713799 5.5000000000000009 67.500000000000014 242.50000000000003 185.18795806043099 218.14036061997746 15.500000000000002 1.0000000180025095e-35 0.81108081828754475
decision_type=2 2 2 2 2 2 2 2 2 2 2 2 2 2 2 2 2 2 2 2
left_child=1 9 -2 4 -4 -6 7 -5 -8 10 -1 -12 13 14 -3 17 -17 -11 -14 -20
right_child=2 12 3 6 5 -7 8 -9 -10 15 11 -13 18 -15 -16 16 -18 -19 19 -21
leaf_value=-0.020108951687812807 0.017947791799389084 -0.0013247342506314027 0.026455839970351565 -0.020473900719574004 0.012971668619138656 -0.0068437222857028251 0.0061053056104808413 0.0040792238129221878 -2.1621595143871785e-05 -0.0034230373355352132 0.0018814284707222022 -0.012658285893787175 -0.0067875073654303222 0.0076027071876451375 -0.017760992293866972 0.008551967281837488 8.204398480518056e-05 0.0025848101479121607 -0.024789187356901284 -0.0075692068253244678
leaf_weight=25 29 51 23 33 64 56 189 23 3179 674 99 47 34 25 30 174 2865 333 26 21
leaf_count=25 29 51 23 33 64 56 189 23 3179 674 99 47 34 25 30 174 2865 333 26 21
internal_value=-1.43048e-11 -0.00047213 0.000578215 0.000436999 0.00738058 0.00372449 0.000147007 -0.0103896 0.000322199 -0.000150507 -0.00532984 -0.00279916 -0.00772498 -0.00387098 -0.00741224 6.83917e-05 0.000566995 -0.00143633 -0.0127685 -0.0170952
internal_weight=8000 4404 3596 3567 143 120 3424 56 3368 4217 171 146 187 106 81 4046 3039 1007 81 47
internal_count=8000 4404 3596 3567 143 120 3424 56 3368 4217 171 146 187 106 81 4046 3039 1007 81 47
is_linear=0
shrinkage=0.1


Tree=52
num_leaves=27
num_cat=0
split_feature=2 4 4 11 7 3 4 1 10 12 13 9 9 13 13 12 6 6 13 9 12 3 7 4 3 1
split_gain=0.207193 0.376463 0.846522 1.41654 0.701559 0.649458 0.596618 0.893827 0.997044 0.920323 0.750879 1.21952 0.995476 0.539484 0.678225 0.596027 0.203052 1.52566 0.515209 0.351195 0.627171 0.301245 0.344543 0.291959 0.259158 0.221644
threshold=1.0000000180025095e-35 17.386255370595222 15.323764035438844 5.5000000000000009 196.50000000000003 34.500000000000007 40.242793944845808 0.78086649035747191 4.5000000000000009 2.4030462101977421 34.479299708482138 5184.0000000000009 19049.000000000004 18.060994029243847 50.648972400145517 1.5859407457511023 178.50000000000003 165.50000000000003 102.50393090654025 61066.500000000007 2.7578071497309664 136.50000000000003 348.50000000000006 14.998807641476771 65.500000000000014 0.82762075875889718
decision_type=2 2 2 2 2 2 2 2 2 2 2 2 2 2 2 2 2 2 2 2 2 2 2 2 2 2
left_child=16 2 13 4 -4 -5 7 9 -9 -3 11 -8 -12 15 -15 -2 17 21 23 20 -20 22 -1 -18 -21 -23
right_child=1 6 3 5 -6 -7 10 8 -10 -11 12 -13 -14 14 -16 -17 18 -19 19 24 -22 25 -24 -25 -26 -27
leaf_value=-0.00031930043293731399 0.018954448449996213 -0.015609780552924848 -0.017066559334746514 -0.0063688468498488268 0.0034674123767763376 0.011742175040258603 0.023494074613817278 0.0025647253583593499 0.015349094867269743 0.0084857806401408241 -0.0025169712152310099 -0.0081785595137625934 0.0094132230895293233 -0.0083535775784791145 0.00023728562841397648 -0.0031878294423222544 0.014839699483760025 0.025305615653000449 -0.0033896947096800434 -0.0027399443570644624 -0.01562459204556807 0.00085496550101168175 0.0060609886560335086 -0.00062738472613720943 0.011647818743118219 -0.0040335377767356162
leaf_weight=2215 31 51 99 36 20 44 31 1303 64 23 763 20 77 96 2150 20 23 23 200 31 53 124 88 26 21 368
leaf_count=2215 31 51 99 36 20 44 31 1303 64 23 763 20 77 96 2150 20 23 23 200 31 53 124 88 26 21 368
internal_value=-1.43573e-11 0.000412501 -0.00044103 -0.00669781 -0.0136155 0.00359222 0.00132606 0.0025838 0.00316326 -0.00812062 -0.000708065 0.0110734 -0.00142337 0.000101024 -0.000129911 0.0102712 -0.000627855 -0.00034428 -0.00288524 -0.00441435 -0.00595274 -0.000555352 -7.5503e-05 0.00663268 0.0030705 -0.00280148
internal_weight=8000 4828 2496 199 119 80 2332 1441 1367 74 891 51 840 2297 2246 51 3172 2818 354 305 253 2795 2303 49 52 492
internal_count=8000 4828 2496 199 119 80 2332 1441 1367 74 891 51 840 2297 2246 51 3172 2818 354 305 253 2795 2303 49 52 492
is_linear=0
shrinkage=0.1


Tree=53
num_leaves=26
num_cat=0
split_feature=10 5 9 7 13 13 4 7 3 3 3 8 5 13 3 1 13 13 4 13 0 4 3 3 4
split_gain=0.198091 0.398484 0.599871 0.475235 0.435992 0.797992 0.403541 0.962712 0.562174 0.317162 0.720716 1.12779 0.983519 1.28641 0.901909 0.672595 0.671143 0.635448 1.01683 1.03289 0.847502 0.571613 0.780111 0.508987 0.141218
threshold=1.5000000000000002 18.500000000000004 156.50000000000003 5.5000000000000009 549.15258219715679 296.67157417120046 13.589785966558896 1953.5000000000002 53.500000000000007 86.500000000000014 174.50000000000003 12.500000000000002 110.50000000000001 575.7700863764984 199.50000000000003 0.96613752821872656 657.10528180683627 538.01619840831006 5.1899648447397979 588.33952245671719 2.9448735114619802 3.4470896092717349 35.500000000000007 60.500000000000007 25.314495336043393
decision_type=2 2 2 2 2 2 2 2 2 2 2 2 2 2 2 2 2 2 2 2 2 2 2 2 2
left_child=9 3 -3 4 5 -2 7 -4 -8 17 12 16 15 -14 -13 -11 -12 21 20 -20 -19 22 -1 -23 -6
right_child=1 2 6 -5 24 -7 8 -9 -10 10 11 14 13 -15 -16 -17 -18 18 19 -21 -22 23 -24 -25 -26
leaf_value=-0.012406081208609976 -0.0061118243231598028 0.017103168275207283 -0.00029476410744604602 -0.017457447298379107 -0.015761552952229977 0.006898593529282758 0.0029395976454916237 -0.021332825527960352 -4.5060466420279826e-05 -0.0017140183751751248 -0.0050659558946790639 0.023241301498686275 -0.0042747792309872209 -0.018349154472816737 0.0041348018034893484 0.011173920716660526 0.01227543542534113 0.0074050026538892482 0.0085079445674458194 -0.0023893846715485416 0.029936363608576357 -0.0011821862824596128 0.0001534964941788976 0.0034209004318013362 -0.0050224449369125068
leaf_weight=96 99 22 1924 22 25 90 1210 22 1319 183 208 30 345 80 140 52 25 101 122 303 20 1131 102 305 24
leaf_count=96 99 22 1924 22 25 90 1210 22 1319 183 208 30 345 80 140 52 25 101 122 303 20 1131 102 305 24
internal_value=-5.75001e-12 0.00041086 0.000630932 -0.00339553 -0.00209569 8.36127e-05 0.000549951 -0.000532604 0.00138295 -0.000602671 -0.00201888 0.00131335 -0.00405356 -0.00692407 0.00750654 0.00113778 -0.00320529 8.78959e-05 0.00304143 0.00073879 0.0111292 -0.000899024 -0.005936 -0.000204511 -0.0105016
internal_weight=8000 4757 4497 260 238 189 4475 1946 2529 3243 1063 403 660 425 170 235 233 2180 546 425 121 1634 198 1436 49
internal_count=8000 4757 4497 260 238 189 4475 1946 2529 3243 1063 403 660 425 170 235 233 2180 546 425 121 1634 198 1436 49
is_linear=0
shrinkage=0.1


Tree=54
num_leaves=19
num_cat=0
split_feature=11 5 8 4 5 11 1 1 3 4 3 3 1 3 3 3 2 5
split_gain=0.201845 0.388321 0.448854 0.422697 0.199474 0.665343 0.547798 0.770577 0.661838 0.467413 1.53862 1.02015 0.711646 0.603643 0.981237 0.72108 0.456046 0.0767037
threshold=10.500000000000002 42.500000000000007 18.500000000000004 14.416976418347453 46.500000000000007 8.5000000000000018 0.96792103504081062 0.95681366047745364 117.50000000000001 1.2979093604147058 65.500000000000014 17.500000000000004 0.95091283899717338 86.500000000000014 87.500000000000014 83.500000000000014 1.0000000180025095e-35 32.500000000000007
decision_type=2 2 2 2 2 2 2 2 2 2 2 2 2 2 2 2 2 2
left_child=4 -2 3 -3 5 6 7 -1 -8 10 11 -6 -12 15 -15 -11 -7 -18
right_child=1 2 -4 -5 9 16 8 -9 -10 13 12 -13 -14 14 -16 -17 17 -19
leaf_value=-0.0011555950287386917 0.0064855670277029279 -0.0048160261991951198 0.0023587288334965708 -0.023055497830500829 0.011492004748877316 -0.00079206495928311994 0.00047416053584505995 -0.015348227159120143 0.011187508702278137 0.00060601376100956935 0.014655773125724088 -0.0061664494034532162 -0.0011469983432844683 -0.019263005008300148 -0.0010460233837142686 0.01091457826637518 -0.021569225582338515 -0.012916052863001824
leaf_weight=877 25 27 28 24 42 28 239 40 76 4092 124 148 37 30 2053 69 21 20
leaf_count=877 25 27 28 24 42 28 239 40 76 4092 124 148 37 30 2053 69 21 20
internal_value=1.09112e-11 -0.00437674 -0.00781418 -0.0133993 5.76471e-05 -0.00107399 -0.000538808 -0.00177468 0.00305897 0.000280886 0.00383164 -0.002263 0.0110241 8.12841e-05 -0.00130839 0.000776956 -0.0106297 -0.0173482
internal_weight=8000 104 79 51 7896 1301 1232 917 315 6595 351 190 161 6244 2083 4161 69 41
internal_count=8000 104 79 51 7896 1301 1232 917 315 6595 351 190 161 6244 2083 4161 69 41
is_linear=0
shrinkage=0.1


Tree=55
num_leaves=12
num_cat=0
split_feature=5 12 9 4 6 4 1 3 4 11 13
split_gain=0.20695 0.217978 0.295817 0.26962 0.340155 0.223383 0.698611 0.591216 0.379145 0.297829 0.062888
threshold=3.5000000000000004 7.7619299336722154 463.50000000000006 52.359672758853186 7.5000000000000009 90.87167302301944 0.79594257631878385 15.500000000000002 87.389148673916097 1.5000000000000002 489.18584364124854
decision_type=2 2 2 2 2 2 2 2 2 2 2
left_child=10 5 -3 4 -4 8 -7 -8 9 -2 -1
right_child=1 2 3 -5 -6 6 7 -9 -10 -11 -12
leaf_value=-0.010655116961358792 -0.0031630771943179283 0.012523783336703976 -0.0060384757878879716 -0.008860539662696067 0.0060615083033182813 -0.012410856263401609 0.021969775417819623 0.0035380426990632807 -0.011344936446597179 4.7010654083774955e-05 -0.0030044906506580967
leaf_weight=22 301 30 30 21 103 24 20 134 30 7264 21
leaf_count=22 301 30 30 21 103 24 20 134 30 7264 21
internal_value=1.42578e-11 3.73893e-05 0.00343926 0.00166954 0.00333219 -4.31386e-05 0.00345861 0.00593177 -0.000125207 -8.07139e-05 -0.00691876
internal_weight=8000 7957 184 154 133 7773 178 154 7595 7565 43
internal_count=8000 7957 184 154 133 7773 178 154 7595 7565 43
is_linear=0
shrinkage=0.1


Tree=56
num_leaves=24
num_cat=0
split_feature=3 13 0 4 4 11 12 10 11 6 13 3 12 11 12 5 9 5 4 6 3 13 13
split_gain=0.211291 0.928735 1.09426 1.09226 0.763175 1.74624 0.734241 0.580281 0.578421 0.52363 0.382758 0.356328 1.53442 0.844626 0.332362 0.295588 1.13537 1.01266 1.52362 0.730671 0.714336 0.21669 0.209781
threshold=11.500000000000002 236.16386924175728 2.1792083958103485 12.080833214139188 50.994416102800166 4.5000000000000009 0.72815196282128825 1.5000000000000002 5.5000000000000009 5.5000000000000009 123.5603474954744 12.500000000000002 1.3379351015417724 4.5000000000000009 1.2014982277328008 254.50000000000003 4538.5000000000009 294.50000000000006 4.3641043208719337 57.500000000000007 72.500000000000014 114.59158666596362 447.74755596868454
decision_type=2 2 2 2 2 2 2 2 2 2 2 2 2 2 2 2 2 2 2 2 2 2 2
left_child=1 2 3 -1 6 -6 7 -3 14 -8 -10 12 22 -14 -4 16 19 18 -17 -13 -19 -5 -2
right_child=11 4 8 21 5 -7 9 -9 10 -11 -12 15 13 -15 -16 17 -18 20 -20 -21 -22 -23 -24
leaf_value=0.031965181474452431 -0.011430287663073789 -0.010292549105361105 -0.0028555919105807941 -0.0027438424061983825 -0.013414516229005087 0.026470080491803261 -0.0005004213230373959 0.0074473086755326087 -0.021318945121020078 -0.012335688850192143 -0.0017547546606510877 -0.00021436612533928223 0.006740617023475854 0.032401459923256999 0.014599063359200954 -0.010524545742405786 -0.021754573076963424 0.0015763847521394717 0.0094884100641922306 -0.011066671674110233 -0.0015611613375326829 0.011976543151540682 0.0015144654061822664
leaf_weight=23 31 28 24 20 21 23 48 54 20 169 20 4075 29 23 20 45 25 1667 246 63 1285 20 21
leaf_count=23 31 28 24 20 21 23 48 54 20 169 20 4075 29 23 20 45 25 1667 246 63 1285 20 21
internal_value=3.07104e-12 -0.00201195 0.00463827 0.0146008 -0.00486204 0.00743425 -0.00667153 0.0013898 -0.00283365 -0.00971775 -0.0115368 0.000131272 0.005944 0.0180906 0.00507834 4.96461e-05 -0.000507953 0.000765429 0.00639362 -0.00037959 0.000210617 0.00461635 -0.0062026
internal_weight=8000 490 147 63 343 44 299 82 84 217 40 7510 104 52 44 7406 4163 3243 291 4138 2952 40 52
internal_count=8000 490 147 63 343 44 299 82 84 217 40 7510 104 52 44 7406 4163 3243 291 4138 2952 40 52
is_linear=0
shrinkage=0.1


Tree=57
num_leaves=21
num_cat=0
split_feature=4 3 13 4 1 12 4 11 4 13 3 12 3 0 4 12 9 9 8 9
split_gain=0.184583 0.675596 0.85614 0.925413 1.35079 0.834243 0.813994 0.560229 0.485523 1.09343 0.446478 0.361698 0.727348 0.909763 0.817844 0.531474 0.673865 0.35147 0.293423 0.223421
threshold=39.943464005902733 343.50000000000006 59.802104984914571 73.246528607308349 0.99954170485792859 1.1549304205789148 49.470203252691093 6.5000000000000009 39.119511468113593 447.74755596868454 112.50000000000001 2.2063651187965996 11.500000000000002 2.9448735114619802 23.169484425234206 2.1131546014869298 938.50000000000011 2197.5000000000005 37.500000000000007 2197.5000000000005
decision_type=2 2 2 2 2 2 2 2 2 2 2 2 2 2 2 2 2 2 2 2
left_child=8 2 6 7 -5 -3 17 -4 11 19 -8 15 13 -13 -14 18 -17 -2 -1 -10
right_child=1 5 3 4 -6 -7 10 -9 9 -11 -12 12 14 -15 -16 16 -18 -19 -20 -21
leaf_value=-0.00061056015353883313 0.026311875793511387 0.026143415905535223 -0.0024212555245961996 0.00055228775575718225 0.025108988179514808 0.0007940104080213083 -0.004098065130027204 -0.0080817453973730542 0.011414508942980321 -0.0088673606028103029 0.012919214336822429 -0.0024807685198119053 0.00056116492284964475 -0.025769361704587934 0.0053261798944591494 0.0071909500906864807 -0.011942179005812631 0.0086321697934814128 0.0015623546706447398 0.02636178662069142
leaf_weight=3389 22 20 750 336 24 37 58 228 20 22 21 104 1575 20 467 24 79 23 761 20
leaf_count=3389 22 20 750 336 24 37 58 228 20 22 21 104 1575 20 467 24 79 23 761 20
internal_value=2.43045e-11 -0.000992187 -0.0014086 -0.00214529 0.0021894 0.00968854 0.00654046 -0.00374088 0.000232546 0.00903942 0.000425515 0.000147482 0.00119934 -0.00623699 0.00165091 -0.000388217 -0.00748397 0.0172756 -0.000212105 0.0188881
internal_weight=8000 1519 1462 1338 360 57 124 978 6481 62 79 6419 2166 124 2042 4253 103 45 4150 40
internal_count=8000 1519 1462 1338 360 57 124 978 6481 62 79 6419 2166 124 2042 4253 103 45 4150 40
is_linear=0
shrinkage=0.1


Tree=58
num_leaves=15
num_cat=0
split_feature=9 12 12 9 4 4 0 1 4 3 4 12 3 2
split_gain=0.178702 0.270214 0.459854 0.255959 0.211884 0.807407 0.634639 0.391769 0.346702 1.41366 0.599024 0.211648 0.264462 0.176248
threshold=93.500000000000014 4.2538891792824467 2.2825775272965347 106.50000000000001 40.242793944845808 41.303041252937007 1.4473704418791737 0.91130670528407387 31.490083816151191 19.500000000000004 31.137761960695634 0.67271773611868146 48.500000000000007 1.0000000180025095e-35
decision_type=2 2 2 2 2 2 2 2 2 2 2 2 2 2
left_child=1 2 11 -2 8 7 -7 -6 10 -10 -5 12 -1 -13
right_child=3 -3 -4 4 5 6 -8 -9 9 -11 -12 13 -14 -15
leaf_value=-0.00780843722447753 0.008481684567717215 -0.012396510884476205 0.0095040437579154979 0.00010328622613920547 -0.005769882300602539 -0.0071991933160461489 0.00011343535387954232 -0.022358163077054391 -0.0075802632480064932 0.0045753473514209553 -0.013835628072340643 -0.0030016380621908376 0.0060152892774391559 -0.014435508341661522
leaf_weight=25 36 27 30 5652 35 131 1262 24 116 546 31 26 31 28
leaf_count=25 36 27 30 5652 35 131 1262 24 116 546 31 26 31 28
internal_value=8.99081e-12 -0.00323688 -0.00147037 6.90104e-05 3.01677e-05 -0.00105956 -0.000574256 -0.0125177 0.000279543 0.00244536 2.72513e-05 -0.0044634 -0.000156017 -0.00893031
internal_weight=8000 167 140 7833 7797 1452 1393 59 6345 662 5683 110 56 54
internal_count=8000 167 140 7833 7797 1452 1393 59 6345 662 5683 110 56 54
is_linear=0
shrinkage=0.1


Tree=59
num_leaves=13
num_cat=0
split_feature=10 11 3 7 12 12 6 7 9 4 11 12
split_gain=0.17698 0.221873 0.324352 0.478165 0.208531 0.667631 1.51942 0.528829 0.868564 0.378848 0.233151 0.165208
threshold=6.5000000000000009 10.500000000000002 90.500000000000014 106.50000000000001 0.37453603816919118 0.42757623333552891 143.50000000000003 457.50000000000006 8396.5000000000018 1.3939557858980793 4.5000000000000009 1.7744229000290255
decision_type=2 2 2 2 2 2 2 2 2 2 2 2
left_child=1 4 3 11 7 6 -6 8 -1 -7 -9 -3
right_child=-2 2 -4 -5 5 9 -8 10 -10 -11 -12 -13
leaf_value=-0.0015780683797385888 0.0073081417460784774 -0.0086328188032704627 0.0050157258481843972 0.0041724419302266577 0.011132940820445164 0.0032933870238912666 -0.01534861236309203 -0.012824508217068351 0.0065166582583200214 -8.5200061220243255e-05 -0.0037481407329106511 -0.019978901633017122
leaf_weight=992 33 33 26 23 130 351 26 49 153 6096 67 21
leaf_count=992 33 33 26 23 130 351 26 49 153 6096 67 21
internal_value=-4.28088e-12 -3.0271e-05 -0.00464141 -0.00790226 3.01241e-05 0.000255159 0.00671935 -0.00114823 -0.000496415 9.87435e-05 -0.00758212 -0.0130452
internal_weight=8000 7967 103 77 7864 6603 156 1261 1145 6447 116 54
internal_count=8000 7967 103 77 7864 6603 156 1261 1145 6447 116 54
is_linear=0
shrinkage=0.1


Tree=60
num_leaves=17
num_cat=0
split_feature=4 5 3 4 7 12 3 11 11 3 9 9 4 7 10 13
split_gain=0.194029 0.45979 0.336321 0.284312 1.80812 0.895875 0.974292 0.888502 0.454321 0.371506 0.352171 1.00646 0.398681 0.377916 0.36855 0.367348
threshold=0.21122260088627207 424.50000000000006 77.500000000000014 1.3939557858980793 20.500000000000004 1.0762121259920756 55.500000000000007 4.5000000000000009 2.5000000000000004 67.500000000000014 80954.000000000015 61066.500000000007 32.302652476356052 1377.5000000000002 1.5000000000000002 457.70856042722158
decision_type=2 2 2 2 2 2 2 2 2 2 2 2 2 2 2 2
left_child=1 2 -1 4 8 7 -7 -6 -2 -10 11 13 15 -5 -13 -12
right_child=3 -3 -4 10 5 6 -8 -9 9 -11 12 14 -14 -15 -16 -17
leaf_value=-0.008919177381765276 0.0027621045138221233 -0.018055926836095752 0.0085845192205970706 -0.00017559132963865739 -0.0098537375764593624 0.0027912118966564722 0.01768321305620096 0.0072186469020588066 -0.020360463240649551 -0.0044105047203154999 -0.0050144476816058161 0.0038121168332343755 0.0047022672454741874 0.0088199779569627136 0.02073575304520707 -0.021656831209769564
leaf_weight=21 20 20 23 7373 54 81 96 70 40 23 36 22 22 47 31 21
leaf_count=21 20 20 23 7373 54 81 96 70 40 23 36 22 22 47 31 21
internal_value=2.0249e-12 -0.00548402 0.000230482 4.4226e-05 0.0026986 0.00630193 0.0108682 -0.000216101 -0.0103689 -0.0145375 -9.07421e-05 -2.053e-05 -0.00673245 -0.000118611 0.0137108 -0.0111459
internal_weight=8000 64 44 7936 384 301 177 124 83 63 7552 7473 79 7420 53 57
internal_count=8000 64 44 7936 384 301 177 124 83 63 7552 7473 79 7420 53 57
is_linear=0
shrinkage=0.1


Tree=61
num_leaves=28
num_cat=0
split_feature=2 12 3 3 4 4 4 1 12 8 4 10 3 9 8 1 13 5 12 7 7 12 6 3 3 3 13
split_gain=0.16579 0.297891 0.461661 0.55018 0.692981 0.421096 0.755945 0.916438 0.693782 1.54853 0.618804 0.537605 0.400625 0.197059 0.65533 0.842538 0.828108 0.430629 0.465105 0.374437 0.491965 0.430945 0.314646 0.662956 0.341587 0.301844 0.279819
threshold=1.0000000180025095e-35 0.32412063929447049 227.50000000000003 184.50000000000003 21.676506345586578 17.386255370595222 15.153119526478003 0.80109012059644746 0.41214856686295048 9.5000000000000018 14.59411464867482 1.0000000180025095e-35 332.50000000000006 8733.0000000000018 45.500000000000007 0.9245469313541389 447.74755596868454 895.50000000000011 4.2538891792824467 137.50000000000003 98.500000000000014 1.5859407457511023 115.50000000000001 84.500000000000014 369.00000000000006 225.50000000000003 396.46631588809322
decision_type=2 2 2 2 2 2 2 2 2 2 2 2 2 2 2 2 2 2 2 2 2 2 2 2 2 2 2
left_child=13 2 3 4 -2 6 10 -8 9 -7 -3 -10 -4 14 22 16 -16 19 25 20 -15 -21 24 -24 -1 -19 -20
right_child=1 5 12 -5 -6 8 7 -9 11 -11 -12 -13 -14 17 15 -17 -18 18 26 21 -22 -23 23 -25 -26 -27 -28
leaf_value=-0.00045637362950929483 0.0014495154674879687 2.8744998852741327e-05 -0.020179436805968485 0.013376355171203613 -0.0054217555581999484 -0.00096479590902937224 0.010853613581922321 -0.0090033285838445869 -0.0027716840795405651 0.027051665107993519 0.011765679133974988 0.0020269668524722046 -0.0017102149517639826 -0.010639178664201783 -0.0098721621750757632 0.022745191039783615 0.016202574507111597 -0.0026860432319617388 0.013209896317372719 -0.0039826755376645559 0.0096085640867905955 -0.015968012708154591 -0.0017421806392697047 0.016593387992488166 -0.0075967773680399725 0.0066789082423048584 -0.00040443816150610262
leaf_weight=2308 344 1914 24 26 256 47 27 167 272 34 46 1648 23 21 29 28 21 365 36 66 28 55 49 33 69 38 26
leaf_count=2308 344 1914 24 26 256 47 27 167 272 34 46 1648 23 21 29 28 21 365 36 66 28 55 49 33 69 38 26
internal_value=1.62656e-11 0.000368992 -0.00158275 -0.000865097 -0.00148223 0.000685123 -0.000285176 -0.00623973 0.00172961 0.0107952 0.000304204 0.00134716 -0.0111413 -0.000561631 -0.000167302 0.00885675 0.00107923 -0.00213708 -0.000562508 -0.006444 0.00093096 -0.00943056 -0.000453547 0.00563677 -0.000663647 -0.001803 0.00750066
internal_weight=8000 4828 673 626 600 4155 2154 194 2001 81 1960 1920 47 3172 2537 78 50 635 465 170 49 121 2459 82 2377 403 62
internal_count=8000 4828 673 626 600 4155 2154 194 2001 81 1960 1920 47 3172 2537 78 50 635 465 170 49 121 2459 82 2377 403 62
is_linear=0
shrinkage=0.1


Tree=62
num_leaves=19
num_cat=0
split_feature=1 3 7 6 0 7 1 7 7 7 11 8 3 8 0 13 3 13
split_gain=0.168051 0.365567 0.335456 1.23728 1.0794 0.99276 0.667924 0.49783 1.23767 0.603653 0.399691 0.318599 1.25954 0.86095 0.742812 0.589785 0.460729 0.454662
threshold=0.84058928263741317 512.50000000000011 561.50000000000011 30.500000000000004 3.4462348242326617 540.00000000000011 0.96155154369440099 272.50000000000006 284.50000000000006 241.50000000000003 5.5000000000000009 37.500000000000007 37.500000000000007 17.500000000000004 2.9448735114619802 87.390551701895788 32.500000000000007 315.92300333277399
decision_type=2 2 2 2 2 2 2 2 2 2 2 2 2 2 2 2 2 2
left_child=1 11 5 -4 6 7 -5 9 -9 -2 -6 13 17 15 -14 -1 -15 -13
right_child=2 -3 3 4 10 -7 -8 8 -10 -11 -12 12 14 16 -16 -17 -18 -19
leaf_value=0.0043905377194822228 0.00033171499469693147 0.009258125319674208 0.016342668860189379 -0.0076125618319363431 0.0051642562484018294 0.020842158297697703 -0.026320458542216908 0.023661555696664185 0.0022597719980474336 -0.0068896538189596682 -0.0065429640047979069 -0.0105717573163425 0.010717069095079886 -0.00024345063536754274 0.0010932554039598432 -0.0010207670315975212 -0.0077275238761389201 -0.00062587556386257991
leaf_weight=229 4248 37 31 144 101 24 22 29 396 119 41 83 141 117 186 1672 277 103
leaf_count=229 4248 37 31 144 101 24 22 29 396 119 41 83 141 117 186 1672 277 103
internal_value=-1.433e-11 -0.000616947 0.000340488 -0.00270002 -0.00461666 0.000554511 -0.0100919 0.000452903 0.00372013 0.000134934 0.001784 -0.000747068 0.00150591 -0.00125067 0.00524297 -0.000368905 -0.0055051 -0.00506409
internal_weight=8000 2845 5155 339 308 4816 166 4792 425 4367 142 2808 513 2295 327 1901 394 186
internal_count=8000 2845 5155 339 308 4816 166 4792 425 4367 142 2808 513 2295 327 1901 394 186
is_linear=0
shrinkage=0.1


Tree=63
num_leaves=16
num_cat=0
split_feature=4 0 4 7 3 13 13 11 9 9 7 4 3 13 10
split_gain=0.158099 0.392972 0.2364 1.46735 0.758429 0.880353 0.61545 0.370303 0.305244 0.792596 0.357865 0.306917 0.301705 0.300631 0.290313
threshold=0.21122260088627207 2.3581719816777302 1.3939557858980793 20.500000000000004 63.500000000000007 218.14036061997746 192.49096169538927 2.5000000000000004 80954.000000000015 61066.500000000007 457.50000000000006 32.302652476356052 67.500000000000014 457.70856042722158 1.5000000000000002
decision_type=2 2 2 2 2 2 2 2 2 2 2 2 2 2 2
left_child=1 -1 3 7 6 -6 -5 -2 9 10 -4 13 -9 -10 -11
right_child=2 -3 8 4 5 -7 -8 12 11 14 -12 -13 -14 -15 -16
leaf_value=0.0013234821231796956 0.0025432765902951363 -0.014737375169992448 8.1453889036599283e-05 -0.0094919809219768132 0.024377001532529658 0.0063223976886365571 0.0046553326269391194 -0.018322495939210058 -0.0045921084574527217 0.0033822286112064667 -0.0026939820341225183 0.0037662861530076371 -0.0039488265574302364 -0.019647550691540044 0.018402541304878409
leaf_weight=39 20 25 6922 41 37 100 123 40 36 22 498 22 23 21 31
leaf_count=39 20 25 6922 41 37 100 123 40 36 22 498 22 23 21 31
internal_value=3.88027e-12 -0.00495029 3.99217e-05 0.00246033 0.00570639 0.0111985 0.0011185 -0.00931153 -8.31498e-05 -1.77829e-05 -0.000104822 -0.00626653 -0.013075 -0.0101389 0.0121677
internal_weight=8000 64 7936 384 301 137 164 83 7552 7473 7420 79 63 57 53
internal_count=8000 64 7936 384 301 137 164 83 7552 7473 7420 79 63 57 53
is_linear=0
shrinkage=0.1


Tree=64
num_leaves=11
num_cat=0
split_feature=8 8 13 9 7 8 7 4 9 6
split_gain=0.151534 0.618676 0.49386 0.465346 0.736008 0.319271 0.309055 0.950286 0.530982 0.20079
threshold=695.00000000000011 406.50000000000006 307.54214653489356 61066.500000000007 1377.5000000000002 203.50000000000003 1377.5000000000002 14.801640738373949 40759.000000000007 953.50000000000011
decision_type=2 2 2 2 2 2 2 2 2 2
left_child=1 3 -3 6 5 -5 8 -8 -1 -6
right_child=-2 2 -4 4 9 -7 7 -9 -10 -11
leaf_value=1.326297393050803e-06 0.0068676638213219128 -0.00075946128927171239 -0.022471486861732875 0.026047111270017922 -0.0091141953412443404 0.0083929635052170087 -0.0062397046059015256 0.024217813890427351 -0.0077671483627342608 0.0048861313988232897
leaf_weight=7714 32 20 22 20 20 21 21 20 89 21
leaf_count=7714 32 20 22 20 20 21 21 20 89 21
internal_value=-6.00121e-12 -2.7581e-05 -0.0121324 3.65628e-05 0.00753072 0.0170047 -4.178e-05 0.00861762 -8.72799e-05 -0.0019433
internal_weight=8000 7968 42 7926 82 41 7844 41 7803 41
internal_count=8000 7968 42 7926 82 41 7844 41 7803 41
is_linear=0
shrinkage=0.1


Tree=65
num_leaves=18
num_cat=0
split_feature=10 4 4 7 9 4 3 4 8 3 12 12 3 3 3 13 8
split_gain=0.149141 0.312231 0.716265 0.725754 0.927273 0.453981 1.28868 1.13676 0.705182 0.640882 1.1674 0.648457 0.297412 0.346968 0.283864 0.774287 0.633755
threshold=1.5000000000000002 13.589785966558896 13.457759266619389 1953.5000000000002 54504.500000000007 32.617312076121785 197.50000000000003 31.830269635586671 44.500000000000007 28.500000000000004 2.9734802342764719 0.076488161556448872 597.50000000000011 479.50000000000006 73.500000000000014 538.01619840831006 162.50000000000003
decision_type=2 2 2 2 2 2 2 2 2 2 2 2 2 2 2 2 2
left_child=12 2 3 4 -2 6 7 -3 -8 10 -7 -11 13 14 15 -1 -16
right_child=1 5 -4 -5 -6 9 8 -9 -10 11 -12 -13 -14 -15 16 -17 -18
leaf_value=-0.00094622498992407746 -0.00041192086357345632 0.0028164730408321422 -0.017745793475478423 -0.018432972880757667 0.01896786428242922 -0.0070393350138351109 -0.0034297528789408271 0.021901113386775251 -0.021815613009035589 0.012852539616340603 0.0084188033485164248 0.00041420611490867402 -0.011175266832399828 0.011801508614671944 -0.0013197643055993394 0.0035649719563005814 -0.014124796078540386
leaf_weight=1498 1987 1265 24 22 25 263 126 32 25 44 60 884 26 23 1146 510 40
leaf_count=1498 1987 1265 24 22 25 263 126 32 25 44 60 884 26 23 1146 510 40
internal_value=-3.95958e-12 0.000356501 -0.00057129 -0.000368641 -0.000171118 0.00106395 0.00226943 0.00328734 -0.00647377 -0.000331372 -0.00416785 0.00100395 -0.000522933 -0.000436841 -0.000524969 0.000199547 -0.00175164
internal_weight=8000 4757 2058 2034 2012 2699 1448 1297 151 1251 323 928 3243 3217 3194 2008 1186
internal_count=8000 4757 2058 2034 2012 2699 1448 1297 151 1251 323 928 3243 3217 3194 2008 1186
is_linear=0
shrinkage=0.1


Tree=66
num_leaves=16
num_cat=0
split_feature=1 9 3 13 13 12 11 9 12 11 13 4 7 12 7
split_gain=0.146089 0.353218 0.341071 0.299861 0.382599 0.987077 0.976419 0.681265 0.351198 0.691939 0.575537 0.309069 0.299319 0.546136 0.502994
threshold=0.84058928263741317 117.50000000000001 512.50000000000011 6.3983420963830104 56.341607464394194 3.2813864833588524 7.5000000000000009 1266.5000000000002 4.3661372565751266 6.5000000000000009 218.14036061997746 18.281788347534796 23.500000000000004 3.1974787195281862 73.500000000000014
decision_type=2 2 2 2 2 2 2 2 2 2 2 2 2 2 2
left_child=1 -1 12 11 5 6 -5 -7 10 -10 -6 -2 13 -3 -14
right_child=3 2 -4 4 8 7 -8 -9 9 -11 -12 -13 14 -15 -16
leaf_value=-0.010417712678382589 0.00055342642590403555 -0.00023669258423143292 0.0092218936886638413 0.0018468202158952571 0.0023081125875286687 -0.026134206299428586 -0.016232835605521412 -0.0055760773026850077 0.0010325347762343221 0.0097144590329443087 -0.00046952869181708347 0.017729582674801351 -0.0030591127234785567 0.0065819378218757336 0.00011353751725626501
leaf_weight=36 22 555 36 246 969 27 34 40 440 116 3241 20 844 149 1225
leaf_count=36 22 555 36 246 969 27 34 40 440 116 3241 20 844 149 1225
internal_value=9.91267e-12 -0.000575224 -0.000449083 0.000317461 0.000248337 -0.00295754 -0.000348567 -0.0138607 0.000481748 0.00284387 0.000169791 0.00873255 -0.000574635 0.00120646 -0.00118067
internal_weight=8000 2845 2809 5155 5113 347 280 67 4766 556 4210 42 2773 704 2069
internal_count=8000 2845 2809 5155 5113 347 280 67 4766 556 4210 42 2773 704 2069
is_linear=0
shrinkage=0.1


Tree=67
num_leaves=11
num_cat=0
split_feature=5 7 11 5 0 12 4 3 4 12
split_gain=0.141467 0.213843 0.732499 0.518544 0.472962 0.298525 0.156895 0.64148 0.506946 0.0688948
threshold=3.5000000000000004 1.5000000000000002 4.5000000000000009 7.5000000000000009 0.84532219182807022 2.0515333928130297 36.999026302523653 332.50000000000006 36.135201041790388 1.2777059595760274
decision_type=2 2 2 2 2 2 2 2 2 2
left_child=9 2 4 -3 -2 -4 8 -8 -5 -1
right_child=1 3 5 6 -6 -7 7 -9 -10 -11
leaf_value=-0.0019877701446049563 0.0038031550750019963 -0.013865212134314115 0.0067689334068240393 0.00016295226371233957 -0.015243719725615598 0.021771556582479253 -0.001229084555122563 0.0087550809690311784 0.0094773980433721164 -0.010012832885840909
leaf_weight=23 32 27 36 6065 22 21 1628 67 59 20
leaf_count=23 32 27 36 6065 22 21 1628 67 59 20
internal_value=6.72561e-12 3.09131e-05 0.0043894 -3.07479e-05 -0.00395668 0.0122962 1.70243e-05 -0.00083443 0.00025269 -0.00572036
internal_weight=8000 7957 111 7846 54 57 7819 1695 6124 43
internal_count=8000 7957 111 7846 54 57 7819 1695 6124 43
is_linear=0
shrinkage=0.1


Tree=68
num_leaves=17
num_cat=0
split_feature=3 3 13 7 7 5 6 13 1 3 12 12 3 6 3 12
split_gain=0.161346 1.53295 1.26123 0.626202 1.0833 0.87491 0.815375 0.668615 0.594804 0.3913 0.624574 0.924808 0.546403 1.48213 0.39269 0.38145
threshold=379.50000000000006 343.50000000000006 299.24975239623876 154.50000000000003 56.500000000000007 176.50000000000003 37.500000000000007 430.6677323369226 0.89586619348054686 236.50000000000003 4.7286662195427169 3.762069263881298 174.50000000000003 1.5000000000000002 122.50000000000001 1.6768881231130555
decision_type=2 2 2 2 2 2 2 2 2 2 2 2 2 2 2 2
left_child=1 9 -3 4 5 8 -6 -5 -2 12 11 -11 14 -14 -1 -4
right_child=3 2 15 7 6 -7 -8 -9 -10 10 -12 -13 13 -15 -16 -17
leaf_value=0.00014153552225637539 0.0042382676563248404 0.036502781864255672 -0.0040184421092271808 -0.0027011849749315944 -0.0011864087078720332 0.0177317622710358 -0.026497510565178736 0.01858665791153908 -0.012242875525608977 -0.0036994515596131643 -0.018608353789895775 0.017582727765495128 0.024325553153175861 0.0019024368871705618 -0.002396326926689923 0.015512290464248507
leaf_weight=6302 41 20 20 36 20 22 35 25 47 284 25 22 32 374 675 20
leaf_count=6302 41 20 20 36 20 22 35 25 47 284 25 22 32 374 675 20
internal_value=1.86146e-11 7.65712e-05 0.0159989 -0.00263391 -0.00583448 -0.000104976 -0.0172935 0.00602334 -0.00456416 -4.72735e-05 -0.00341098 -0.00216936 0.00010353 0.00366978 -0.000103994 0.00574692
internal_weight=8000 7774 60 226 165 110 55 61 88 7714 331 306 7383 406 6977 40
internal_count=8000 7774 60 226 165 110 55 61 88 7714 331 306 7383 406 6977 40
is_linear=0
shrinkage=0.1


Tree=69
num_leaves=16
num_cat=0
split_feature=4 1 5 7 12 4 6 9 8 4 3 12 4 3 4
split_gain=0.138594 0.589725 0.730248 0.857413 0.49247 0.309514 0.451035 0.220451 0.447194 0.206384 0.449959 0.700709 0.240807 1.00177 0.675876
threshold=90.87167302301944 0.90594199861364122 254.50000000000003 28.500000000000004 2.9056186496034981 84.524493807070698 23.500000000000004 1974.5000000000002 39.500000000000007 75.151432747963568 104.50000000000001 1.5071852465882094 36.999026302523653 348.50000000000006 36.135201041790388
decision_type=2 2 2 2 2 2 2 2 2 2 2 2 2 2 2
left_child=5 4 3 -3 7 9 -7 -2 -9 12 11 -11 14 -14 -1
right_child=1 2 -4 -5 -6 6 -8 8 -10 10 -12 -13 13 -15 -16
leaf_value=8.4610998112914738e-05 -0.01158458500114434 0.015966572061828947 0.025198722224343908 -0.012344102358911188 0.009210211003664882 0.0019967928111296277 -0.015097251768703713 0.0060209145522535298 -0.012385148271410303 6.4210070692696512e-05 -0.0051980739169930285 0.018158379153005385 -0.0018064235858112445 0.012615038916468622 0.010577562202384035
leaf_weight=6202 34 23 22 20 32 29 33 33 22 49 37 38 1314 50 62
leaf_count=6202 34 23 22 20 32 29 33 33 22 49 37 38 1314 50 62
internal_value=6.24095e-12 0.00269779 0.0103803 0.00279882 -0.00142919 -6.42166e-05 -0.00710165 -0.0052546 -0.00134151 -7.93168e-06 0.004039 0.00796741 -7.37182e-05 -0.00127778 0.000188468
internal_weight=8000 186 65 43 121 7814 62 89 55 7752 124 87 7628 1364 6264
internal_count=8000 186 65 43 121 7814 62 89 55 7752 124 87 7628 1364 6264
is_linear=0
shrinkage=0.1


Tree=70
num_leaves=15
num_cat=0
split_feature=3 3 13 7 6 1 6 13 1 3 3 3 1 3
split_gain=0.155965 1.19342 1.02651 0.51822 0.900552 1.09922 0.705017 0.530773 0.370375 0.324234 0.873125 0.795313 0.605009 0.575544
threshold=379.50000000000006 343.50000000000006 322.82027223913872 154.50000000000003 34.500000000000007 0.85544500399289436 3.5000000000000004 430.6677323369226 0.9474196190866272 260.50000000000006 268.50000000000006 254.50000000000003 0.95242809995285249 247.50000000000003
decision_type=2 2 2 2 2 2 2 2 2 2 2 2 2 2
left_child=1 9 -3 4 6 -6 -2 -5 -8 11 -11 13 -12 -1
right_child=3 2 -4 7 5 -7 8 -9 -10 10 12 -13 -14 -15
leaf_value=7.7926338790752328e-05 -0.011810122198752456 0.030143672064878047 0.0034443165925848816 -0.0024874391984970618 -0.0029310521802731922 -0.032095865005006392 0.00042295886537517015 0.016479527972638609 0.015618830206601517 -0.019366998904414717 -0.0041245761319786611 0.017536936404828268 0.0098372873587486073 -0.012596772164882473
leaf_weight=7430 37 24 36 36 28 24 53 25 23 31 152 26 39 36
leaf_count=7430 37 24 36 36 28 24 53 25 23 31 152 26 39 36
internal_value=2.31739e-13 7.52836e-05 0.0141241 -0.00258962 -0.00550118 -0.0163917 -0.000489598 0.00528591 0.00502171 -3.39887e-05 -0.00380026 7.7612e-05 -0.00127372 1.68107e-05
internal_weight=8000 7774 60 226 165 52 113 61 76 7714 222 7492 191 7466
internal_count=8000 7774 60 226 165 52 113 61 76 7714 222 7492 191 7466
is_linear=0
shrinkage=0.1


Tree=71
num_leaves=19
num_cat=0
split_feature=11 3 13 6 7 7 9 9 7 7 5 4 9 4 4 8 5 7
split_gain=0.129072 0.632671 0.563001 0.884835 0.787527 0.449198 0.243346 0.178609 0.706449 0.487357 0.593051 0.382786 0.263004 0.773551 1.27102 0.341706 0.294151 0.29282
threshold=1.5000000000000002 17.500000000000004 504.03247326928675 165.50000000000003 74.500000000000014 85.500000000000014 1087.5000000000002 61066.500000000007 1460.0000000000002 2295.5000000000005 9524.0000000000018 19.660125615056085 40759.000000000007 6.7039249932373588 29.637761676389221 212.50000000000003 3253.0000000000005 879.50000000000011
decision_type=2 2 2 2 2 2 2 2 2 2 2 2 2 2 2 2 2 2
left_child=1 -1 3 4 -3 6 -4 12 11 -10 -11 -9 15 -14 -15 16 -2 -17
right_child=7 2 5 -5 -6 -7 -8 8 9 10 -12 -13 13 14 -16 17 -18 -19
leaf_value=-0.014660634454339745 6.6554805526120321e-05 0.0012091921577635019 -0.0056763284903918881 -0.013671698294846074 0.016813245076272226 0.0024602884031606443 -0.018631051288082682 0.022073306782171134 -0.010750486829451152 0.017106676101684572 -0.0038459300648953235 0.0039871770041910093 -0.019536498320047502 0.0095793456397072051 -0.014975988259539009 0.015390442504926964 -0.011785520072139446 0.00020953523926436901
leaf_weight=35 7360 115 29 28 45 33 29 25 35 22 35 22 27 53 35 27 21 24
leaf_count=35 7360 115 29 28 45 33 29 25 35 22 35 22 27 53 35 27 21 24
internal_value=2.93049e-11 -0.00198726 -0.000397415 0.0027279 0.00559783 -0.00685412 -0.0121537 8.11868e-05 0.00363326 -0.00146226 0.00424104 0.0136075 1.5765e-05 -0.00472991 -0.00018698 8.91978e-05 3.2834e-05 0.00824649
internal_weight=8000 314 279 188 160 91 58 7686 139 92 57 47 7547 115 88 7432 7381 51
internal_count=8000 314 279 188 160 91 58 7686 139 92 57 47 7547 115 88 7432 7381 51
is_linear=0
shrinkage=0.1


Tree=72
num_leaves=10
num_cat=0
split_feature=8 8 13 8 0 4 5 7 2
split_gain=0.130526 0.47502 0.17138 1.17327 0.503899 0.340086 0.168478 0.449644 0.353403
threshold=695.00000000000011 482.00000000000006 711.40120012323871 3.5000000000000004 2.7972580134740563 16.275595468688397 2912.5000000000005 457.50000000000006 1.0000000180025095e-35
decision_type=2 2 2 2 2 2 2 2 2
left_child=1 2 6 5 -5 -4 7 -1 -8
right_child=-2 -3 3 4 -6 -7 8 -9 -10
leaf_value=5.889994439544226e-05 0.0063738712939084511 -0.014699452370405198 0.00099500492215156568 0.024227808153739684 0.003285538544878364 -0.01660638531847369 -0.0020660695323551246 -0.0034570959162978374 0.0056736311422380279
leaf_weight=7227 32 22 23 27 20 21 99 383 146
leaf_count=7227 32 22 23 27 20 21 99 383 146
internal_value=-4.1133e-12 -2.55979e-05 1.50295e-05 0.00432981 0.0153162 -0.00740566 -3.49572e-05 -0.000118055 0.00254616
internal_weight=8000 7968 7946 91 47 44 7855 7610 245
internal_count=8000 7968 7946 91 47 44 7855 7610 245
is_linear=0
shrinkage=0.1


Tree=73
num_leaves=16
num_cat=0
split_feature=4 9 4 7 12 3 8 4 13 3 13 4 7 0 12
split_gain=0.126816 0.320325 0.213465 0.768909 0.564263 1.01826 0.857897 0.231004 0.751518 1.14147 0.756663 0.536784 1.25635 0.283918 0.195745
threshold=0.21122260088627207 2700.0000000000005 1.0687966890124685 21.500000000000004 1.6530140211713691 40.500000000000007 14.500000000000002 4.2040494115913214 568.74856123167115 22.500000000000004 495.2784660576213 5.093840756045716 32.500000000000007 3.3564083985326847 1.9695174512870217
decision_type=2 2 2 2 2 2 2 2 2 2 2 2 2 2 2
left_child=1 -1 3 14 6 -6 -5 8 10 -10 -4 12 -9 -13 -2
right_child=2 -3 7 4 5 -7 -8 11 9 -11 -12 13 -14 -15 -16
leaf_value=0.0018057018917008666 -0.0028416568485017009 -0.012455466708966665 -0.001736536936542836 -0.0084119052473794337 -0.0024309491635196739 0.018591720434051242 0.0082257541394989264 0.014306162148932345 0.018324970367342926 -0.00017004585325844498 -0.011050601096769029 -0.00018147557244245385 -0.00044339148963834832 0.0030849402105827691 -0.014473418377177872
leaf_weight=36 39 28 602 55 36 64 71 88 43 149 102 6218 168 278 23
leaf_count=36 39 28 602 55 36 64 71 88 43 149 102 6218 168 278 23
internal_value=-2.90491e-11 -0.00443356 3.57545e-05 0.00270839 0.00541473 0.0110236 0.000963284 -6.48887e-05 -0.00157357 0.00397207 -0.00308602 0.000135316 0.00462677 -4.16875e-05 -0.00715667
internal_weight=8000 64 7936 288 226 100 126 7648 896 192 704 6752 256 6496 62
internal_count=8000 64 7936 288 226 100 126 7648 896 192 704 6752 256 6496 62
is_linear=0
shrinkage=0.1


Tree=74
num_leaves=19
num_cat=0
split_feature=10 4 9 0 13 7 4 9 7 9 1 2 3 4 4 4 13 12
split_gain=0.122841 0.293084 0.484195 1.09352 0.900265 0.773805 1.2584 0.761323 0.479236 0.679916 0.505912 0.3132 0.259615 0.251171 0.306301 0.584707 0.349117 0.107163
threshold=1.5000000000000002 16.275595468688397 1087.5000000000002 2.0258286875900167 65.09625727433577 34.500000000000007 69.010869046089837 2744.0000000000005 1953.5000000000002 54504.500000000007 0.85718778077268654 1.0000000180025095e-35 662.50000000000011 0.37570530427092802 1.3939557858980793 1.639784559380568 201.26213261153018 1.6015373727022948
decision_type=2 2 2 2 2 2 2 2 2 2 2 2 2 2 2 2 2 2
left_child=12 8 3 4 -3 6 -4 -7 9 10 -2 -5 13 17 16 -16 -15 -1
right_child=1 2 5 11 -6 7 -8 -9 -10 -11 -12 -13 -14 14 15 -17 -18 -19
leaf_value=-0.011990122262388469 -0.00227688603267637 0.010731466462754686 0.0043890174051953688 -0.0076670818461570898 -0.0013108371011461455 -0.0027786336479938881 0.025299844704568388 0.002476930270511771 -0.014534556275854508 0.014625982133050761 0.00074150609229302247 -0.024957642026922921 -0.01183271288406104 -0.0050426664629152846 -0.016367349910813022 -0.00036263440010550176 0.0077430867765926658 -0.0029824702035901804
leaf_weight=25 958 69 225 20 619 372 33 1064 24 30 1321 22 20 28 23 3029 90 28
leaf_count=25 958 69 225 20 619 372 33 1064 24 30 1321 22 20 28 23 3029 90 28
internal_value=7.62975e-13 0.000323545 0.0010936 -0.00105938 -0.000103106 0.00202138 0.00706366 0.00111546 -0.000476544 -0.000330423 -0.000527305 -0.016724 -0.000474592 -0.00040411 -0.000289964 -0.000483247 0.00470918 -0.00723136
internal_weight=8000 4757 2424 730 688 1694 258 1436 2333 2309 2279 42 3243 3223 3170 3052 118 53
internal_count=8000 4757 2424 730 688 1694 258 1436 2333 2309 2279 42 3243 3223 3170 3052 118 53
is_linear=0
shrinkage=0.1


Tree=75
num_leaves=25
num_cat=0
split_feature=2 10 4 4 13 8 6 11 13 4 8 4 13 9 5 9 9 9 13 3 10 13 6 12
split_gain=0.124064 0.262687 0.404813 1.17524 0.499547 0.435643 1.43951 0.452016 0.347038 0.422782 0.829687 0.669229 0.391739 0.169727 0.732442 1.14983 0.400357 0.565508 0.286708 0.27569 0.410977 0.280524 0.251007 0.238473
threshold=1.0000000180025095e-35 3.5000000000000004 39.943464005902733 34.918522805049328 664.79361839377964 19.500000000000004 122.50000000000001 6.5000000000000009 9.8647144587207389 6.468308219619928 31.500000000000004 17.386255370595222 3.3316498338333838 6101.0000000000009 472.50000000000006 5413.5000000000009 6600.5000000000009 6834.0000000000009 612.96103866215424 15.500000000000002 1.0000000180025095e-35 599.6120239100502 86.500000000000014 1.6221930608598003
decision_type=2 2 2 2 2 2 2 2 2 2 2 2 2 2 2 2 2 2 2 2 2 2 2 2
left_child=13 8 3 4 -3 7 -7 -4 12 10 -10 -11 -2 14 19 22 23 -18 -19 20 -1 -21 -16 -15
right_child=1 2 5 -5 -6 6 -8 -9 9 11 -12 -13 -14 16 15 -17 17 18 -20 21 -22 -23 -24 -25
leaf_value=-0.007697096430329663 -0.0025321815907955172 0.0031514559550067552 -0.0036261290210214529 0.023302578304199933 -0.0087705374652470806 -0.029721529444768316 0.0077650042902678261 0.013068587073813316 0.00021309720022844619 -0.002503932071845781 0.0073803680786381567 0.00049454034343345379 0.0155357254575938 -0.0043629208132624627 -0.0048352311179041861 0.021609540971425867 0.015012858014198997 -0.0024483773835008325 0.0027753507651388648 -0.00034492174655369992 0.0042997403551848007 -0.0035921716468892669 0.0057014889083802705 -0.019013026002794503
leaf_weight=33 20 468 55 28 38 21 20 23 735 1187 207 1996 30 25 40 39 21 659 125 1628 212 318 52 20
leaf_count=33 20 468 55 28 38 21 20 23 735 1187 207 1996 30 25 40 39 21 659 125 1628 212 318 52 20
internal_value=-7.17655e-12 0.000319198 0.00218432 0.00335969 0.00225613 -0.00309001 -0.0114354 0.00129667 2.74793e-05 -7.28975e-05 0.00178807 -0.000623646 0.00830856 -0.000485841 -4.32653e-05 0.00722015 -0.00169485 -0.00118173 -0.00161551 -0.000477546 0.00268384 -0.000875562 0.00112031 -0.0108741
internal_weight=8000 4828 653 534 506 119 41 78 4175 4125 942 3183 50 3172 2322 131 850 805 784 2191 245 1946 92 45
internal_count=8000 4828 653 534 506 119 41 78 4175 4125 942 3183 50 3172 2322 131 850 805 784 2191 245 1946 92 45
is_linear=0
shrinkage=0.1


Tree=76
num_leaves=18
num_cat=0
split_feature=6 7 8 1 9 7 0 5 1 0 8 1 12 9 1 7 3
split_gain=0.120384 0.7241 0.610824 0.469065 1.41596 0.445317 0.541521 1.18542 0.498445 0.463159 0.673595 1.24103 0.629895 0.570279 0.944446 0.610882 0.405708
threshold=30.500000000000004 481.50000000000006 69.500000000000014 0.78741562125510078 822.50000000000011 73.500000000000014 2.6306793827930615 443.50000000000006 0.78381849739647913 2.4056038580517316 5.5000000000000009 0.90387661440987743 0.031173229621277686 2887.0000000000005 0.84500437828371289 96.500000000000014 18.500000000000004
decision_type=2 2 2 2 2 2 2 2 2 2 2 2 2 2 2 2 2
left_child=1 2 3 4 -1 6 7 8 -2 13 11 -11 -12 15 -15 -7 -5
right_child=5 -3 -4 16 -6 9 -8 -9 -10 10 12 -13 -14 14 -16 -17 -18
leaf_value=-0.00095255783860205263 -0.0080977882743657869 0.013917067733844027 -0.016783480532467365 0.0025131012519538521 0.017707181643297681 0.0039032741544288724 -0.016133307525888086 0.016285977055325501 -0.001568790904984254 -0.0020745487482949662 0.014332799750169919 -0.022445240195186154 -2.1463238727596618e-05 0.0029556817744193814 0.018769038447107263 -0.0089038627557614346 -0.00031036902296137592
leaf_weight=122 144 39 21 594 61 101 28 34 622 156 31 37 2208 138 52 59 3553
leaf_count=122 144 39 21 594 61 101 28 34 622 156 31 37 2208 138 52 59 3553
internal_value=9.31395e-12 0.000351772 0.00023018 0.000312694 0.00526736 -0.000427778 -0.00246362 -0.00198518 -0.00279617 0.000178145 -0.000311339 -0.00597981 0.000177278 0.00357936 0.00728355 -0.000819358 9.40538e-05
internal_weight=8000 4390 4351 4330 183 3610 828 800 766 2782 2432 193 2239 350 190 160 4147
internal_count=8000 4390 4351 4330 183 3610 828 800 766 2782 2432 193 2239 350 190 160 4147
is_linear=0
shrinkage=0.1


Tree=77
num_leaves=23
num_cat=0
split_feature=3 13 4 6 2 5 6 13 6 8 7 3 12 11 4 5 5 12 1 0 8 6
split_gain=0.125447 0.748623 0.955723 1.33596 0.689858 0.835271 0.795467 0.671946 0.592502 0.375423 0.357897 0.293772 1.26309 0.646182 0.200516 0.199972 0.764601 0.830649 0.622139 0.400195 0.779574 0.757321
threshold=11.500000000000002 236.16386924175728 14.293647045885519 60.500000000000007 1.0000000180025095e-35 543.50000000000011 187.50000000000003 165.95273950889666 3.5000000000000004 7.5000000000000009 32.500000000000007 12.500000000000002 1.3379351015417724 4.5000000000000009 22.388103111750691 922.50000000000011 962.00000000000011 1.6899667951876238 0.88413264679162828 2.6381353286147671 29.500000000000004 150.50000000000003
decision_type=2 2 2 2 2 2 2 2 2 2 2 2 2 2 2 2 2 2 2 2 2 2
left_child=1 2 3 -1 5 10 8 9 -6 -4 -3 12 14 -14 -2 19 17 -17 -18 21 -21 -13
right_child=11 4 7 -5 6 -7 -8 -9 -10 -11 -12 15 13 -15 -16 16 18 -19 -20 20 -22 -23
leaf_value=0.026295533072617318 -0.010550648516073124 -0.00018450897017663177 -0.0012338508703812427 -0.0045581767760703102 0.0019915236043743789 -0.012075132124462269 0.0091196908925970394 0.010952494869491569 -0.013071085119121513 -0.017097562171805365 0.011276260551272168 4.0539763039810677e-05 0.0064719814678718306 0.02891680761847807 0.0022133215609937908 -0.00038687883187895239 -0.0014099124930168269 0.025702050639889562 0.0033463119789764375 -0.0055826015450062827 0.00059855103838295427 0.019067666627511026
leaf_weight=36 32 55 35 23 32 36 24 27 142 26 54 5400 29 23 20 23 622 26 493 379 442 21
leaf_count=36 32 55 35 23 32 36 24 27 142 26 54 5400 29 23 20 23 622 26 493 379 442 21
internal_value=8.83529e-13 -0.00155027 0.00442039 0.0142678 -0.00410912 0.00113148 -0.00794693 -0.00218186 -0.010301 -0.00799543 0.0054933 0.000101149 0.00537904 0.0163995 -0.00564143 2.70336e-05 0.00123034 0.0134562 0.000693064 -0.000197358 -0.00225487 0.000114248
internal_weight=8000 490 147 59 343 145 198 88 174 61 109 7510 104 52 52 7406 1164 49 1115 6242 821 5421
internal_count=8000 490 147 59 343 145 198 88 174 61 109 7510 104 52 52 7406 1164 49 1115 6242 821 5421
is_linear=0
shrinkage=0.1


Tree=78
num_leaves=12
num_cat=0
split_feature=12 4 6 5 8 4 4 11 12 3 5
split_gain=0.118306 0.120142 0.478409 1.17139 0.687776 0.398649 0.244589 0.187235 0.537544 0.17064 0.051844
threshold=10.159624078477195 90.87167302301944 108.50000000000001 263.50000000000006 7.5000000000000009 108.45407265401373 87.389148673916097 1.5000000000000002 2.4784077451069697 379.50000000000006 112.50000000000001
decision_type=2 2 2 2 2 2 2 2 2 2 2
left_child=1 6 3 4 -3 -4 7 8 -1 -9 -2
right_child=10 2 5 -5 -6 -7 -8 9 -10 -11 -12
leaf_value=0.00037274448485205591 0.0078691971302032471 0.0040581188505481791 0.003098540576840086 0.020583174740140504 -0.015828814459117976 -0.01616377742453055 -0.0089588586398730834 0.00012321681733775791 -0.0086348515978447865 -0.0027752896261509187 0.0019743247712786134
leaf_weight=209 25 83 21 37 22 22 31 7207 97 209 37
leaf_count=209 25 83 21 37 22 22 31 7207 97 209 37
internal_value=6.33015e-12 -3.39859e-05 0.00248451 0.00528287 -0.000108667 -0.0067566 -9.40815e-05 -5.84938e-05 -0.0024826 4.15302e-05 0.00435129
internal_weight=8000 7938 185 142 105 43 7753 7722 306 7416 62
internal_count=8000 7938 185 142 105 43 7753 7722 306 7416 62
is_linear=0
shrinkage=0.1


Tree=79
num_leaves=22
num_cat=0
split_feature=12 4 3 13 4 4 3 12 11 6 1 4 1 1 7 7 10 7 5 7 4
split_gain=0.118529 0.275415 0.237895 0.881049 1.0803 0.741972 0.524197 0.624255 0.524019 0.363626 0.355728 0.842659 0.465376 0.256881 0.237211 0.678235 0.79087 0.359565 0.62997 0.477503 0.343103
threshold=0.70828465036204402 0.29031719573482967 11.500000000000002 236.16386924175728 50.994416102800166 15.323764035438844 12.500000000000002 1.3379351015417724 4.5000000000000009 5.5000000000000009 0.78003215434083606 11.268810993298326 0.79225796325471765 0.84846033147004041 21.500000000000004 17.500000000000004 2.5000000000000004 26.500000000000004 151.50000000000003 31.500000000000004 6.8416139689949071
decision_type=2 2 2 2 2 2 2 2 2 2 2 2 2 2 2 2 2 2 2 2 2
left_child=1 -1 3 5 9 -2 7 -4 -9 -5 11 -8 -12 -7 15 20 -17 18 -16 -19 -3
right_child=2 14 6 4 -6 13 10 8 -10 -11 12 -13 -14 -15 17 16 -18 19 -20 -21 -22
leaf_value=-0.010124122803099454 0.016511724720625447 -0.0053752842084476369 -0.005354161391204054 -0.00028185658835961172 0.011457401141524316 -0.010235438182107396 0.004622039877410446 0.0058006618300388601 0.026012804699332821 -0.01014450591597596 0.0039882635856712508 -0.0077871960826747565 0.00020816368651263947 0.0039125973640969309 -0.010235831930832421 0.0022005925805489014 0.020189250338621238 0.00627509390304932 0.0093851243219432948 -0.001203078902633965 0.00087275362899872245
leaf_weight=30 39 108 22 48 33 21 84 29 23 169 350 157 4688 33 90 72 37 91 20 1384 472
leaf_count=30 39 108 22 48 33 21 84 29 23 169 350 157 4688 33 90 72 37 91 20 1384 472
internal_value=-6.40512e-12 -0.000605217 0.000244807 -0.00230824 -0.00539943 0.00600138 0.000408397 0.00876652 0.0147406 -0.00796291 0.000291234 -0.00346199 0.000470775 -0.00158942 -0.000479638 0.00106945 0.00830683 -0.00115303 -0.00666839 -0.000741714 -0.000290674
internal_weight=8000 2304 5696 343 250 93 5353 74 52 217 5279 241 5038 54 2274 689 109 1585 110 1475 580
internal_count=8000 2304 5696 343 250 93 5353 74 52 217 5279 241 5038 54 2274 689 109 1585 110 1475 580
is_linear=0
shrinkage=0.1


Tree=80
num_leaves=18
num_cat=0
split_feature=9 9 5 13 13 1 4 2 9 0 12 5 12 12 12 3 2
split_gain=0.112063 0.21128 0.557845 0.519161 1.13895 0.915259 0.650854 0.328798 0.285332 1.03289 0.244567 0.233901 0.210594 0.335244 0.174613 0.211357 0.138876
threshold=93.500000000000014 177.50000000000003 13.500000000000002 436.28613308988616 526.67396887357484 0.88413264679162828 12.673183427736179 1.0000000180025095e-35 231.00000000000003 1.448640692042364 1.2649453259265566 46.500000000000007 4.2538891792824467 2.2825775272965347 0.67271773611868146 48.500000000000007 1.0000000180025095e-35
decision_type=2 2 2 2 2 2 2 2 2 2 2 2 2 2 2 2 2
left_child=12 3 -3 5 -5 7 -7 -2 9 -4 -6 -10 13 14 15 -1 -16
right_child=1 2 8 4 10 6 -8 -9 11 -11 -12 -13 -14 -15 16 -17 -18
leaf_value=-0.0064879743861965839 -0.0012304344042031855 -0.011965374302310058 0.00033687122211039787 0.023402734625350981 -0.0063893342357394956 0.017466446178150363 -0.0011045484277217286 -0.015743932963625803 -0.0016785785068316823 0.025652647763490678 0.0067133050026564767 0.000145266183315414 -0.01064949860209944 0.0083665083895903079 -0.0023539059862601932 0.0058701158061833878 -0.012503416450428113
leaf_weight=25 27 39 83 34 28 32 46 37 786 20 29 6672 27 30 26 31 28
leaf_count=25 27 39 83 34 28 32 46 37 786 20 29 6672 27 30 26 31 28
internal_value=7.91863e-13 5.46488e-05 -3.62872e-05 0.0030208 0.00891733 -0.000757959 0.00651432 -0.00962105 2.52436e-05 0.00525256 0.000276921 -4.69491e-05 -0.00256326 -0.00100377 -0.0035593 0.000353111 -0.00761662
internal_weight=8000 7833 7600 233 91 142 78 64 7561 103 57 7458 167 140 110 56 54
internal_count=8000 7833 7600 233 91 142 78 64 7561 103 57 7458 167 140 110 56 54
is_linear=0
shrinkage=0.1


Tree=81
num_leaves=12
num_cat=0
split_feature=10 11 1 1 8 1 9 8 9 9 11
split_gain=0.109108 0.151517 0.312533 0.522106 0.200353 0.571058 0.559187 0.759498 0.412798 0.27464 0.127868
threshold=6.5000000000000009 10.500000000000002 0.81992159948394605 0.85647510600427845 165.50000000000003 0.79725232380742683 54504.500000000007 44.500000000000007 21491.500000000004 40759.000000000007 11.500000000000002
decision_type=2 2 2 2 2 2 2 2 2 2 2
left_child=1 4 -3 -4 6 -6 9 -8 -7 -1 -5
right_child=-2 2 3 10 5 8 7 -9 -10 -11 -12
leaf_value=9.1267332495335361e-05 0.0057381703377221574 -0.015055877650156618 0.010613006973066011 -0.01098020832054317 -0.014191526193423449 -0.014554248070344328 -0.0042279070509331565 0.020402663094442219 0.00047169667996571103 -0.0087876033889395851 -0.0014943816906048193
leaf_weight=7507 33 20 26 30 37 20 21 31 213 35 27
leaf_count=7507 33 20 26 30 37 20 21 31 213 35 27
internal_value=-1.1158e-11 -2.3768e-05 -0.00383431 -0.00113032 2.61412e-05 -0.00265074 0.000121316 0.0104557 -0.000818084 5.00633e-05 -0.00648692
internal_weight=8000 7967 103 83 7864 270 7594 52 233 7542 57
internal_count=8000 7967 103 83 7864 270 7594 52 233 7542 57
is_linear=0
shrinkage=0.1


Tree=82
num_leaves=24
num_cat=0
split_feature=2 12 4 4 3 3 8 7 4 13 1 12 5 11 10 3 0 12 3 13 6 1 12
split_gain=0.10937 0.232318 0.46045 0.606773 0.620532 0.54682 0.361044 1.22941 0.787723 0.689644 1.27202 1.26178 0.613049 0.152496 0.413776 0.43147 0.619673 0.332752 0.310743 0.299713 0.293367 0.56016 0.258112
threshold=1.0000000180025095e-35 0.32412063929447049 70.562331892633253 21.676506345586578 252.50000000000003 199.50000000000003 2.5000000000000004 8.5000000000000018 15.153119526478003 433.61146206520579 0.92173722824257942 2.0308782803169074 59.500000000000007 5.5000000000000009 5.5000000000000009 354.50000000000006 2.1792083958103485 3.6628476161718484 270.50000000000006 419.86773970744463 1.0000000180025095e-35 0.98594020261922422 1.4807498767842746
decision_type=2 2 2 2 2 2 2 2 2 2 2 2 2 2 2 2 2 2 2 2 2 2 2
left_child=13 2 3 4 -2 -5 9 8 -8 10 -3 -11 -9 14 15 17 -17 -1 20 -20 22 -22 -15
right_child=1 6 -4 5 -6 -7 7 12 -10 11 -12 -13 -14 18 -16 16 -18 -19 19 -21 21 -23 -24
leaf_value=0.00023801048715380247 0.0016208758665662674 -0.0061090947004101637 0.010282892019313296 -0.0073087986279891702 -0.013123906746266352 0.0091999216851862999 0.028356887910653047 -0.0066658826336915642 0.0021727186068892478 -0.0025737249581945527 0.0026732715560387377 0.0077060277457349008 0.0011889673796208584 7.8133885593463992e-05 0.011368681024760009 -0.0032726800517627491 0.016890606447788222 -0.0033100912843752059 -0.00097698226351948352 -0.013982915839281036 -0.00085466691022501463 -0.013892989802886458 0.015460035931319
leaf_weight=1542 360 448 32 228 31 22 27 103 20 267 261 216 2813 24 32 27 35 319 34 37 1068 34 20
leaf_count=1542 360 448 32 228 31 22 27 103 20 267 261 216 2813 24 32 27 35 319 34 37 1068 34 20
internal_value=-8.21951e-12 0.000299701 -0.00142389 -0.00200832 0.000451852 -0.00585603 0.000578878 0.00117012 0.0172147 -0.0008908 -0.00287609 0.00202343 0.000911516 -0.000456165 9.0895e-05 -9.67749e-05 0.00810982 -0.000370181 -0.00133497 -0.00775472 -0.000937234 -0.00125694 0.00706991
internal_weight=8000 4828 673 641 391 250 4155 2963 47 1192 709 483 2916 3172 1955 1923 62 1861 1217 71 1146 1102 44
internal_count=8000 4828 673 641 391 250 4155 2963 47 1192 709 483 2916 3172 1955 1923 62 1861 1217 71 1146 1102 44
is_linear=0
shrinkage=0.1


Tree=83
num_leaves=20
num_cat=0
split_feature=12 3 12 10 1 1 3 12 9 3 6 2 7 9 3 13 3 1 3
split_gain=0.10793 0.712225 0.417086 1.53034 1.01764 0.730256 0.398576 0.297065 0.378729 0.350553 0.407063 0.338253 0.265147 0.362009 0.250005 0.444511 0.370002 0.650072 0.289401
threshold=0.093719331004445919 26.500000000000004 0.058512265576540635 3.5000000000000004 0.9474196190866272 0.91059181541536094 194.50000000000003 0.13197326316142347 3209.5000000000005 35.500000000000007 12.500000000000002 1.0000000180025095e-35 163.50000000000003 1974.5000000000002 687.50000000000011 447.74755596868454 531.50000000000011 0.86092773849589865 379.50000000000006
decision_type=2 2 2 2 2 2 2 2 2 2 2 2 2 2 2 2 2 2 2
left_child=1 12 4 5 6 -4 -3 8 9 -2 -11 -10 13 -1 16 -16 18 -18 -9
right_child=7 2 3 -5 -6 -7 -8 14 11 10 -12 -13 -14 -15 15 -17 17 -19 -20
leaf_value=-0.0092101627175829245 0.0076462894185062719 0.0073543132695627692 -0.0042518905731132968 0.031268908265822876 -0.013307421487805091 0.017482142853127283 -0.0079028706438839438 8.6034588534050416e-05 -0.0035119463145101984 -0.010456147969075987 0.0059602483803325376 -0.018675006127783233 -0.016066953166260979 0.0076550637825857845 -0.016119889685740837 0.0025555043779313565 0.022494911719113591 -0.002156170522389205 -0.0049062889207438648
leaf_weight=35 34 119 52 24 38 22 20 7276 31 44 23 28 22 20 26 25 20 23 118
leaf_count=35 34 119 52 24 38 22 20 7276 31 44 23 28 22 20 26 25 20 23 118
internal_value=-1.19862e-12 0.0017121 0.00409231 0.00932615 0.00119449 0.00220958 0.00515904 -7.87996e-05 -0.00434238 -0.000623871 -0.00482067 -0.010708 -0.00678867 -0.00307735 1.23027e-05 -0.00696528 6.01522e-05 0.00930945 6.36267e-06
internal_weight=8000 352 275 98 177 74 139 7648 160 101 67 59 77 55 7488 51 7437 43 7394
internal_count=8000 352 275 98 177 74 139 7648 160 101 67 59 77 55 7488 51 7437 43 7394
is_linear=0
shrinkage=0.1


Tree=84
num_leaves=11
num_cat=0
split_feature=9 9 11 6 10 7 4 9 11 9
split_gain=0.108435 0.511303 0.359639 0.303825 0.225487 0.193924 0.995619 0.437805 0.794311 0.327658
threshold=80954.000000000015 61066.500000000007 4.5000000000000009 1696.0000000000002 1.5000000000000002 1377.5000000000002 14.801640738373949 40759.000000000007 5.5000000000000009 37707.000000000007
decision_type=2 2 2 2 2 2 2 2 2 2
left_child=1 5 -2 -4 -3 7 -7 9 -9 -1
right_child=2 4 3 -5 -6 6 -8 8 -10 -11
leaf_value=-2.5950634919757039e-05 -0.010812121240029995 0.0017016586402188176 -0.0058858975341233117 0.0098660393394529831 0.014447736724146776 -0.0071659747009667069 0.021396379164703515 0.00018677751645084536 -0.019063450230340312 0.011218982454962455
leaf_weight=7688 38 23 24 25 35 26 23 58 34 26
leaf_count=7688 38 23 24 25 35 26 23 58 34 26
internal_value=-1.41506e-13 3.86037e-05 -0.00351116 0.0021508 0.00939326 -3.04695e-05 0.00624084 -6.98359e-05 -0.00692744 1.19504e-05
internal_weight=8000 7913 87 49 58 7855 49 7806 92 7714
internal_count=8000 7913 87 49 58 7855 49 7806 92 7714
is_linear=0
shrinkage=0.1


Tree=85
num_leaves=17
num_cat=0
split_feature=12 4 13 5 9 13 4 1 0 11 4 11 12 1 4 13
split_gain=0.106508 0.348497 0.1714 0.195697 0.184055 0.117687 0.114137 0.494623 0.428971 0.950375 0.213951 0.172756 0.510137 0.163329 0.103222 0.0904089
threshold=7.7619299336722154 54.281270171820331 383.92340819392058 104.50000000000001 1782.5000000000002 498.71953609314272 90.87167302301944 0.79594257631878385 1.6128480963155765 6.5000000000000009 87.389148673916097 1.5000000000000002 2.4784077451069697 0.79448249619482503 9.3651990814907649 535.38154405334012
decision_type=2 2 2 2 2 2 2 2 2 2 2 2 2 2 2 2
left_child=6 2 3 -2 5 -4 10 -8 -9 -10 11 12 -1 -13 -5 -6
right_child=1 -3 4 14 15 -7 7 8 9 -11 -12 13 -14 -15 -16 -17
leaf_value=0.00031644975474526504 0.013385665071226897 -0.0101054821012076 -0.0095910733891651032 -0.0020662024528497742 0.0099566693373379263 0.0011273753607556932 -0.010906165392952971 -0.0091333404555916792 0.0028344414070098928 0.025568631392988289 -0.0085429898307969165 0.0012705614123047773 -0.008586465857762805 -0.00016266646140488994 0.0070749652261535333 0.00078351149885830555
leaf_weight=209 31 20 20 21 21 21 24 20 112 22 30 908 93 6396 30 22
leaf_count=209 31 20 20 21 21 21 24 20 112 22 30 908 93 6396 30 22
internal_value=1.03391e-12 0.00236498 0.00386744 0.00711969 0.000692628 -0.00410114 -5.62945e-05 0.00244692 0.00452793 0.00656692 -0.000114646 -8.14026e-05 -0.00242518 1.55059e-05 0.00331096 0.00526343
internal_weight=8000 186 166 82 84 41 7814 178 154 134 7636 7606 302 7304 51 43
internal_count=8000 186 166 82 84 41 7814 178 154 134 7636 7606 302 7304 51 43
is_linear=0
shrinkage=0.1


Tree=86
num_leaves=20
num_cat=0
split_feature=6 6 1 9 7 8 5 5 1 5 1 1 7 0 0 9 0 7 12
split_gain=0.103813 1.11241 1.02495 1.55239 0.98807 0.872427 0.632118 1.3286 0.787695 0.574556 0.828602 0.663462 0.621623 0.474924 0.469789 0.445024 0.566218 0.750023 0.705883
threshold=25.500000000000004 23.500000000000004 0.83021061869240909 2587.5000000000005 28.500000000000004 25.500000000000004 112.50000000000001 108.50000000000001 0.78741562125510078 158.50000000000003 0.78258764080429533 0.82929912737812594 22.500000000000004 2.093514169676856 2.1271722610021486 17845.500000000004 2.8836104499595812 233.50000000000003 1.6899667951876238
decision_type=2 2 2 2 2 2 2 2 2 2 2 2 2 2 2 2 2 2 2
left_child=1 15 4 14 -3 -5 7 8 -2 10 -8 -12 -11 -14 -4 16 17 -1 -18
right_child=6 2 3 5 -6 -7 9 -9 -10 12 11 -13 13 -15 -16 -17 18 -19 -20
leaf_value=9.7742771724827678e-05 0.012749473333436376 0.010227044563119611 0.019043696127831938 -0.01088357655486713 -0.016691067569889129 0.016079777603348097 -0.018789325373884488 0.030849270692197023 -0.013148060655626265 0.01693868398932474 -0.00041177492481499412 -0.016487438543990721 0.01289601646260255 -0.00041686031396563985 0.039332240642536258 -0.014151184129613368 7.3435787971203146e-06 -0.016328490099736623 0.024657459162353054
leaf_weight=3835 24 30 25 24 25 24 38 20 23 21 178 30 27 3558 21 22 26 28 21
leaf_count=3835 24 30 25 24 25 24 38 20 23 21 178 30 27 3558 21 22 26 28 21
internal_value=-7.90419e-13 0.000353009 0.00883431 0.0151785 -0.00200846 0.0025981 -0.000367601 0.0092622 7.6212e-05 -0.000535098 -0.00521103 -0.00273038 -0.000216108 -0.000316596 0.0283059 3.16168e-05 0.000111418 -2.13187e-05 0.0110212
internal_weight=8000 4081 149 94 55 48 3919 67 47 3852 246 208 3606 3585 46 3932 3910 3863 47
internal_count=8000 4081 149 94 55 48 3919 67 47 3852 246 208 3606 3585 46 3932 3910 3863 47
is_linear=0
shrinkage=0.1


Tree=87
num_leaves=19
num_cat=0
split_feature=7 7 0 9 11 13 13 7 8 8 8 7 5 7 1 4 13 6
split_gain=0.10394 1.42853 1.3818 0.812669 1.95746 0.928989 1.24971 0.688675 0.644112 0.620758 0.614411 0.740896 0.61372 0.549679 0.612329 0.513407 0.463181 0.42024
threshold=255.50000000000003 248.50000000000003 3.0828882817635104 13454.500000000002 6.5000000000000009 670.52309093579981 315.92300333277399 294.50000000000006 87.500000000000014 19.500000000000004 26.500000000000004 270.50000000000006 1144.0000000000002 753.00000000000011 0.90310544053923947 29.637761676389221 430.6677323369226 156.50000000000003
decision_type=2 2 2 2 2 2 2 2 2 2 2 2 2 2 2 2 2 2
left_child=1 2 12 4 5 6 -2 -6 -4 13 -11 -12 17 14 -5 -9 -14 -1
right_child=3 -3 8 9 7 -7 -8 15 -10 10 11 -13 16 -15 -16 -17 -18 -19
leaf_value=-0.00020090036461117416 0.013707754133721828 -0.020027625793591144 0.03116636024788022 -0.0061022389414055016 0.0052088947340962477 0.029178948835469783 0.00082404467031219108 -0.0071273138114650338 0.0057869894057512288 0.014552209082259134 -0.018205925789864168 1.2637534125891358e-05 -0.020473940269305158 0.0057314207688683554 -0.025334930747747422 -0.025156366249377077 -0.00050624499008769086 0.0054165735779165784
leaf_weight=6406 143 36 20 49 32 20 159 56 20 28 23 757 26 21 25 22 21 136
leaf_count=6406 143 36 20 49 32 20 159 56 20 28 23 757 26 21 25 22 21 136
internal_value=1.22968e-11 -0.00016132 -5.34319e-05 0.000805389 0.00437251 0.00830687 0.00692461 -0.00714441 0.0184767 -0.000901142 -2.11365e-06 -0.000524577 -0.000165923 -0.00854761 -0.0125998 -0.0122124 -0.0115522 -8.41201e-05
internal_weight=8000 6665 6629 1335 432 322 302 110 40 903 808 780 6589 95 74 78 47 6542
internal_count=8000 6665 6629 1335 432 322 302 110 40 903 808 780 6589 95 74 78 47 6542
is_linear=0
shrinkage=0.1


Tree=88
num_leaves=22
num_cat=0
split_feature=1 1 13 12 13 8 9 1 10 7 8 7 4 1 12 6 7 6 7 7 7
split_gain=0.0995188 0.450466 0.703983 1.31099 0.64814 0.635385 1.17642 0.608112 0.54909 0.525378 1.16129 0.569238 0.400632 0.930418 0.362926 0.244248 0.352939 0.917226 0.771788 0.6471 0.355863
threshold=0.82528308336538059 0.81108081828754475 670.52309093579981 1.9894302732705311 533.06383672459253 66.500000000000014 5013.5000000000009 0.79158523148064541 1.5000000000000002 154.50000000000003 70.500000000000014 138.50000000000003 27.123997249239853 0.8165809669000802 5.3633996667044554 953.50000000000011 561.50000000000011 30.500000000000004 540.00000000000011 620.50000000000011 272.50000000000006
decision_type=2 2 2 2 2 2 2 2 2 2 2 2 2 2 2 2 2 2 2 2 2
left_child=1 2 9 8 12 6 -6 -5 -4 11 -11 -1 14 -14 -3 16 18 -18 20 -19 -2
right_child=15 4 3 7 5 -7 -8 -9 -10 10 -12 -13 13 -15 -16 -17 17 19 -20 -21 -22
leaf_value=-0.0010232085667861871 3.4329318685864532e-05 -0.0040779900770500843 0.01147662660223432 0.0096212540566921242 -0.0055686718377907039 0.0071420985112047716 -0.026688944197126797 0.03215215385527067 -0.0079471151546724374 0.0063936749846074618 -0.0050368793849618395 -0.014981306176632642 -0.0069493717063154438 0.010252386559845835 0.009919234253466129 0.0084312741075538936 0.013419962034470613 -0.015852926684204828 0.018257580255158248 -0.0027469500547625085 0.0029347987513643238
leaf_weight=1120 4897 251 22 25 107 23 35 23 43 281 130 30 51 82 20 36 31 44 24 262 463
leaf_count=1120 4897 251 22 25 107 23 35 23 43 281 130 30 51 82 20 36 31 44 24 262 463
internal_value=-4.10694e-12 -0.000565055 0.000261163 0.0078831 -0.00299579 -0.00827693 -0.0107744 0.0204173 -0.00137293 -0.000290586 0.00277817 -0.00138733 -0.000838894 0.00365622 -0.00304498 0.000220153 0.000168483 -0.00297095 0.00036499 -0.00463147 0.000284874
internal_weight=8000 2243 1674 113 569 165 142 48 65 1561 411 1150 404 133 271 5757 5721 337 5384 306 5360
internal_count=8000 2243 1674 113 569 165 142 48 65 1561 411 1150 404 133 271 5757 5721 337 5384 306 5360
is_linear=0
shrinkage=0.1


Tree=89
num_leaves=12
num_cat=0
split_feature=7 13 7 7 9 8 9 11 5 9 5
split_gain=0.105442 0.407586 0.753572 0.314637 0.363535 0.431779 0.34148 0.614664 0.305643 0.283882 0.264018
threshold=1953.5000000000002 197.62685337602798 2295.5000000000005 1377.5000000000002 61066.500000000007 279.50000000000006 40759.000000000007 5.5000000000000009 9524.0000000000018 37707.000000000007 4852.0000000000009
decision_type=2 2 2 2 2 2 2 2 2 2 2
left_child=3 -2 -3 4 6 -6 9 -8 -4 -1 -5
right_child=1 2 8 10 5 -7 7 -9 -10 -11 -12
leaf_value=-2.5843403845793242e-05 -0.015995999298866082 -0.016674199923872948 0.013882475897956353 0.0021600213251076641 0.018113956220137575 -0.0015206337684676762 0.00013902314842261117 -0.016794966700185529 -0.00081955289708510529 0.010440998058766127 0.016806350448168816
leaf_weight=7688 20 20 26 32 24 21 58 34 31 26 20
leaf_count=7688 20 20 26 32 24 21 58 34 31 26 20
internal_value=-1.04802e-11 -0.00327697 2.66784e-05 4.02209e-05 -1.11301e-05 0.00895115 -6.27958e-05 -0.00611919 0.00588664 9.43504e-06 0.00779322
internal_weight=8000 97 77 7903 7851 45 7806 92 57 7714 52
internal_count=8000 97 77 7903 7851 45 7806 92 57 7714 52
is_linear=0
shrinkage=0.1


Tree=90
num_leaves=27
num_cat=0
split_feature=8 4 13 3 3 8 4 13 12 8 5 2 0 12 12 12 7 1 7 7 12 1 4 1 4 0
split_gain=0.105114 0.718493 1.00456 0.846264 1.47663 0.669353 1.06003 1.50162 1.06205 0.56968 1.64726 1.33799 0.857345 0.68185 0.97807 0.666086 0.583571 0.724579 0.864745 0.681559 0.560875 0.539965 0.350398 0.580804 0.48058 0.295031
threshold=14.500000000000002 1.3939557858980793 617.35447665926597 21.500000000000004 39.500000000000007 19.500000000000004 15.483285462853978 156.61912119397871 3.5813287314876869 10.500000000000002 158.50000000000003 1.0000000180025095e-35 2.4157825296628999 0.9900685316180261 2.4249866611157738 3.0517599565982914 122.50000000000001 0.78910956325301218 129.50000000000003 114.50000000000001 0.5695848893383294 0.77781382940370625 55.798947864126809 0.85821249509684816 42.3364613121147 2.696659598213214
decision_type=2 2 2 2 2 2 2 2 2 2 2 2 2 2 2 2 2 2 2 2 2 2 2 2 2 2
left_child=9 2 3 -2 -5 6 8 -8 -3 16 13 15 -13 20 -15 -12 19 21 -19 25 -11 -18 24 -24 -7 -1
right_child=1 5 -4 4 -6 22 7 -9 -10 10 11 12 -14 14 -16 -17 17 18 -20 -21 -22 -23 23 -25 -26 -27
leaf_value=0.00018127807493979747 0.018468632735311987 -0.0063281781411291486 0.022083462366173347 -0.020147016572375453 0.0054310849267450801 -8.7284564509539997e-05 0.016294262708043277 -0.0035195882768587657 -0.025023452615415727 -0.0073828717255964883 -0.003841256867877005 0.0058893733526482906 0.017377696765793694 -0.024197024361867655 -0.0011954418202448224 0.013928775429725648 -0.002996638435870409 -0.023911810309315721 -0.004141463370386564 0.015505133004024112 0.01508460939861834 0.02024051747750491 -0.0016733044356442408 0.0083195825432588865 -0.0055099116211446628 -0.011701123150331635
leaf_weight=4213 26 170 31 31 83 1776 46 227 37 25 135 163 108 38 36 25 20 24 283 29 20 20 112 121 180 21
leaf_count=4213 26 170 31 31 83 1776 46 227 37 25 135 163 108 38 36 25 20 24 283 29 20 20 112 121 180 21
internal_value=-9.15447e-12 -0.000488597 0.00579529 0.00218862 -0.00152436 -0.000891199 -0.00427306 -0.000180991 -0.00966985 0.000268918 0.00331092 0.00618656 0.0104677 -0.00710422 -0.0130071 -0.00106469 -9.40109e-05 -0.00403758 -0.00568703 0.000226988 0.00260268 0.00862194 -0.000149631 0.00351613 -0.000586299 0.000122343
internal_weight=8000 2840 171 140 114 2669 480 273 207 5160 550 431 271 119 74 160 4610 347 307 4263 45 40 2189 233 1956 4234
internal_count=8000 2840 171 140 114 2669 480 273 207 5160 550 431 271 119 74 160 4610 347 307 4263 45 40 2189 233 1956 4234
is_linear=0
shrinkage=0.1


Tree=91
num_leaves=17
num_cat=0
split_feature=4 5 8 3 4 0 7 13 3 4 13 1 1 4 9 9
split_gain=0.106975 0.502376 0.967972 0.462971 0.218271 0.557848 0.830016 0.540187 0.529543 0.196394 0.582969 0.945369 0.558178 0.427007 0.977681 0.255678
threshold=0.37570530427092802 472.50000000000006 10.500000000000002 65.500000000000014 1.0687966890124685 2.7042907734127071 89.500000000000014 150.35433505277589 38.500000000000007 4.2040494115913214 568.74856123167115 0.95242809995285249 0.79225796325471765 5.093840756045716 1333.5000000000002 80954.000000000015
decision_type=2 2 2 2 2 2 2 2 2 2 2 2 2 2 2 2
left_child=1 2 3 -1 5 6 7 -2 -7 10 12 -12 -6 14 -11 -15
right_child=4 -3 -4 -5 9 8 -8 -9 -10 13 11 -13 -14 15 -16 -17
leaf_value=-0.012724938113242388 0.018763324174852599 -0.013284498957150124 0.020419555022381249 0.0031176569693996455 0.0056409561012297285 -0.00095448610871764171 -0.012563987663937346 0.0012214738396910307 0.019026965606543753 0.013569410707100066 2.1408975101827132e-05 0.017811765899327963 -0.0037096893636834934 4.8245735386799073e-05 9.3856159930622121e-05 -0.0060716062072205595
leaf_weight=35 21 34 20 39 71 21 39 107 36 77 155 37 633 6427 179 69
leaf_count=35 21 34 20 39 71 21 39 107 36 77 155 37 633 6427 179 69
internal_value=1.2803e-11 -0.0028677 0.000900073 -0.00437546 4.66293e-05 0.00312348 0.000207976 0.00409943 0.0116654 -4.34875e-05 -0.00143457 0.00344976 -0.00276666 0.000141111 0.00414705 -1.67588e-05
internal_weight=8000 128 94 74 7872 224 167 128 57 7648 896 192 704 6752 256 6496
internal_count=8000 128 94 74 7872 224 167 128 57 7648 896 192 704 6752 256 6496
is_linear=0
shrinkage=0.1


Tree=92
num_leaves=12
num_cat=0
split_feature=5 7 11 0 0 2 12 9 0 5 12
split_gain=0.100169 0.164339 0.540947 0.391459 0.380517 0.445014 0.206979 0.129121 1.00728 0.221052 0.0686469
threshold=3.5000000000000004 1.5000000000000002 4.5000000000000009 0.84532219182807022 0.90339637125522942 1.0000000180025095e-35 2.0515333928130297 231.00000000000003 1.448640692042364 18.500000000000004 1.2777059595760274
decision_type=2 2 2 2 2 2 2 2 2 2 2
left_child=10 2 3 -2 5 -3 -4 8 -6 -9 -1
right_child=1 4 6 -5 7 -7 -8 9 -10 -11 -12
leaf_value=-0.0010876449169186146 0.003734223095671041 0.0010598760722205043 0.0060392278893333347 -0.013593992303040895 0.00048956926653525592 -0.017455666167316614 0.018531445662180582 -0.0061536239909986828 0.022635789215564729 -8.2946005316997675e-06 -0.0090982571570202703
leaf_weight=23 32 25 36 22 309 27 21 59 22 7404 20
leaf_count=23 32 25 36 22 309 27 21 59 22 7404 20
internal_value=4.83387e-12 2.60124e-05 0.00384685 -0.00332542 -2.80422e-05 -0.00855396 0.0106416 2.88411e-05 0.00196152 -5.68775e-05 -0.00481351
internal_weight=8000 7957 111 54 7846 52 57 7794 331 7463 43
internal_count=8000 7957 111 54 7846 52 57 7794 331 7463 43
is_linear=0
shrinkage=0.1


Tree=93
num_leaves=7
num_cat=0
split_feature=8 8 6 6 3 7
split_gain=0.094942 0.405042 0.157014 0.240811 0.523127 0.147627
threshold=667.00000000000011 482.00000000000006 1453.0000000000002 746.50000000000011 26.500000000000004 457.50000000000006
decision_type=2 2 2 2 2 2
left_child=1 2 3 5 -5 -1
right_child=-2 -3 -4 4 -6 -7
leaf_value=9.5011155984706951e-05 0.0052730849327738676 -0.014235614873468878 -0.0078992505893111225 -0.0088670267583802337 0.0095944179416013256 -0.001664586702891564
leaf_weight=7325 34 20 25 20 66 510
leaf_count=7325 34 20 25 20 66 510
internal_value=-1.57996e-11 -2.25063e-05 1.3268e-05 3.82412e-05 0.00530106 -1.95255e-05
internal_weight=8000 7966 7946 7921 86 7835
internal_count=8000 7966 7946 7921 86 7835
is_linear=0
shrinkage=0.1


Tree=94
num_leaves=24
num_cat=0
split_feature=4 4 6 2 5 5 7 12 12 9 12 13 9 4 8 1 13 13 5 13 6 3 12
split_gain=0.0909195 0.519684 0.931713 1.37403 0.474614 1.0414 0.677527 0.7026 1.01605 0.55213 0.428446 0.391548 0.663219 0.465147 0.292713 0.374722 0.287084 0.521851 0.513311 0.282031 0.634666 0.328583 0.22076
threshold=36.999026302523653 35.729183920169106 42.500000000000007 1.0000000180025095e-35 922.50000000000011 753.50000000000011 504.50000000000006 0.6436918667966911 0.94446285263859064 15400.000000000002 1.1549304205789148 59.802104984914571 3098.0000000000005 90.87167302301944 36.500000000000007 0.79725232380742683 50.648972400145517 48.010851582246865 1835.5000000000002 87.390551701895788 15.500000000000002 98.500000000000014 1.371787790205184
decision_type=2 2 2 2 2 2 2 2 2 2 2 2 2 2 2 2 2 2 2 2 2 2 2
left_child=1 16 3 -3 5 11 7 9 -9 -6 -7 12 -2 -13 -8 -16 17 18 -1 20 -18 -21 -4
right_child=4 2 22 -5 6 10 14 8 -10 -11 -12 13 -14 -15 15 -17 19 -19 -20 21 -22 -23 -24
leaf_value=-0.00067751344028584059 0.0097196842803918757 -0.0043899579811841252 0.0035045930044725541 0.028827331474784654 0.0065723750647157441 -0.0040779964405704633 -0.013219446259608959 -0.015838205320125615 0.0080841501668581488 0.029529572422192858 -0.02209410664032806 -0.0020303572741527725 -0.0064397468256789285 0.0042006242242311614 -0.011366725658687453 0.0025749739000516733 -0.002328628794445346 -0.016500477835536004 -0.016413506797768856 0.00056402496916306934 0.0067127177372383762 -0.0011614108262982255 -0.011353384871035814
leaf_weight=359 81 20 20 33 20 22 20 22 92 22 33 1131 37 134 24 98 129 25 22 3902 195 1539 20
leaf_count=359 81 20 20 33 20 22 20 22 92 22 33 1131 37 134 24 98 129 25 22 3902 195 1539 20
internal_value=-6.26201e-12 0.000177473 0.00759706 0.0162925 -0.000640375 -0.00139308 0.0029918 0.00754102 0.00346756 0.0185976 -0.0148877 -0.000856418 0.00465274 -0.00137032 -0.00200594 -0.000167656 6.56562e-05 -0.00250452 -0.00158615 0.000246661 0.00311292 7.59813e-05 -0.0039244
internal_weight=8000 6264 93 53 1736 1438 298 156 114 42 55 1383 118 1265 142 122 6171 406 381 5765 324 5441 40
internal_count=8000 6264 93 53 1736 1438 298 156 114 42 55 1383 118 1265 142 122 6171 406 381 5765 324 5441 40
is_linear=0
shrinkage=0.1


Tree=95
num_leaves=15
num_cat=0
split_feature=3 6 9 13 1 6 3 12 11 3 3 12 12 1
split_gain=0.0937131 0.451262 0.474998 0.600086 0.908293 0.903671 0.427538 0.610804 0.387389 0.26558 0.304508 1.00525 0.294188 0.223311
threshold=161.50000000000003 589.50000000000011 26022.000000000004 267.63466866023015 0.82172227839568601 234.50000000000003 154.50000000000003 1.2649453259265566 4.5000000000000009 151.50000000000003 122.50000000000001 0.22824386900241947 0.66362410995547871 0.88899331662489567
decision_type=2 2 2 2 2 2 2 2 2 2 2 2 2 2
left_child=6 2 3 4 -2 -5 9 -8 -4 10 12 -12 -1 -9
right_child=1 -3 8 5 -6 -7 7 13 -10 -11 11 -13 -14 -15
leaf_value=-0.0010327821891790172 -0.0035220126524778471 0.01218597590306993 0.0011313480988887716 -0.001528635794913116 0.0074983146805893703 0.016210897670825945 0.0022008636702053452 -0.021732699727484338 -0.016835965931906168 0.0093350719412167871 0.012085456939651825 -0.0041772960197449726 0.00050154521707413259 -0.0076123277080200977
leaf_weight=1718 106 34 21 671 254 30 37 24 28 30 42 400 4584 21
leaf_count=1718 106 34 21 671 254 30 37 24 28 30 42 400 4584 21
internal_value=5.05806e-12 0.000837872 0.000490272 0.000934826 0.00425344 -0.000769455 -0.000139808 -0.00731722 -0.00913569 -5.29249e-05 -9.46865e-05 -0.00263197 8.32694e-05 -0.0151432
internal_weight=8000 1144 1110 1061 360 701 6856 82 49 6774 6744 442 6302 45
internal_count=8000 1144 1110 1061 360 701 6856 82 49 6774 6744 442 6302 45
is_linear=0
shrinkage=0.1


Tree=96
num_leaves=17
num_cat=0
split_feature=4 5 8 3 4 0 7 1 7 8 8 1 8 4 5 0
split_gain=0.0876482 0.412252 0.787327 0.342409 0.179987 0.450746 0.662879 0.518091 0.432317 0.171949 0.536021 0.892361 0.529464 0.766991 0.374165 0.362651
threshold=0.37570530427092802 472.50000000000006 9.5000000000000018 65.500000000000014 1.0687966890124685 2.7042907734127071 89.500000000000014 0.91826264830843718 9.5000000000000018 14.500000000000002 13.500000000000002 0.87007149610968226 19.500000000000004 15.483285462853978 680.50000000000011 2.3325879502435094
decision_type=2 2 2 2 2 2 2 2 2 2 2 2 2 2 2 2
left_child=1 2 3 -1 5 6 8 -7 -2 10 15 -12 13 -11 -14 -6
right_child=4 -3 -4 -5 9 7 -8 -9 -10 12 11 -13 14 -15 -16 -17
leaf_value=-0.01153208855933318 -0.0084046696079894904 -0.012032042334184928 0.017373866630210118 0.0022815403970430216 -0.00023755708376187428 0.0035050934533009657 -0.011198336313454769 0.023481832581455822 0.0064849572475605584 -0.0081112814290665702 -0.0021421448814428665 0.015492317254344624 -0.0016305005716110239 -0.00013608388100505974 0.0010272360792029094 0.0020864599417912701
leaf_weight=34 24 34 22 38 4022 37 39 20 104 216 55 60 876 273 1340 806
leaf_count=34 24 34 22 38 4022 37 39 20 104 216 55 60 876 273 1340 806
internal_value=-3.3642e-12 -0.00259576 0.000817368 -0.00424156 4.22074e-05 0.00283622 0.000215499 0.0105145 0.00369315 -3.96256e-05 0.000311138 0.00705844 -0.000680595 -0.00365887 -2.33854e-05 0.000150421
internal_weight=8000 128 94 72 7872 224 167 57 128 7648 4943 115 2705 489 2216 4828
internal_count=8000 128 94 72 7872 224 167 57 128 7648 4943 115 2705 489 2216 4828
is_linear=0
shrinkage=0.1


Tree=97
num_leaves=11
num_cat=0
split_feature=9 9 4 1 10 7 4 7 6 0
split_gain=0.0839746 0.327736 0.271959 0.297668 0.166003 0.156992 0.810014 0.279036 0.581999 0.444841
threshold=80954.000000000015 61066.500000000007 7.2284498450158692 0.86409011700273852 1.5000000000000002 1377.5000000000002 14.801640738373949 457.50000000000006 24.500000000000004 3.0828882817635104
decision_type=2 2 2 2 2 2 2 2 2 2
left_child=1 5 -2 -4 -3 7 -7 9 -9 -1
right_child=2 4 3 -5 -6 6 -8 8 -10 -11
leaf_value=-3.9852748167404702e-05 0.007143399883061648 0.0009238910284298271 -0.00032171793036947125 -0.013774523776474186 0.01186027559584805 -0.0064714631209006682 0.01929138050131176 0.011339357925643181 -0.0032754921102679507 0.0045563791101703999
leaf_weight=7109 20 23 38 29 35 26 23 29 451 217
leaf_count=7109 20 23 38 29 35 26 23 29 451 217
internal_value=-1.31272e-11 3.39717e-05 -0.00308987 -0.00614457 0.00752343 -2.13292e-05 0.0056213 -5.67492e-05 -0.00239251 9.62901e-05
internal_weight=8000 7913 87 67 58 7855 49 7806 480 7326
internal_count=8000 7913 87 67 58 7855 49 7806 480 7326
is_linear=0
shrinkage=0.1


Tree=98
num_leaves=16
num_cat=0
split_feature=12 4 4 4 7 12 4 3 8 13 8 4 13 3 5
split_gain=0.0844258 0.0881245 0.461343 0.854629 1.66292 0.76212 0.458884 0.401835 0.945009 0.538808 0.516059 0.457719 0.375593 0.360276 0.0374098
threshold=10.159624078477195 36.999026302523653 31.490083816151191 32.302652476356052 63.500000000000007 3.090233207204713 31.137761960695634 332.50000000000006 19.500000000000004 59.802104984914571 2.5000000000000004 73.246528607308349 335.19178252256791 804.00000000000011 112.50000000000001
decision_type=2 2 2 2 2 2 2 2 2 2 2 2 2 2 2
left_child=1 2 6 4 -4 -5 13 9 12 10 -3 -11 -9 -1 -2
right_child=14 7 3 5 -6 -7 -8 8 -10 11 -12 -13 -14 -15 -16
leaf_value=-7.5359480381536804e-05 0.0066641291290288791 -0.0048732356583245868 0.031053740986001988 -0.00069742100930185805 -0.0019725337203952572 0.010890427202518498 -0.012424100070105245 0.0090303981304168703 0.02450671653662409 -0.0024887751360515588 0.0086332655493712544 0.0015950174890511132 -0.0093552905321121222 0.012202412774786354 0.0016566636179246614
leaf_weight=5730 25 39 30 300 31 70 30 20 21 1155 103 360 25 24 37
leaf_count=5730 25 39 30 300 31 70 30 20 21 1155 103 360 25 24 37
internal_value=8.87901e-12 -2.871e-05 0.000146724 0.00330294 0.0142699 0.00149487 -8.84639e-05 -0.000661516 0.00699041 -0.0009663 0.00492373 -0.00151837 -0.00118387 -2.41488e-05 0.0036758
internal_weight=8000 7938 6215 431 61 370 5784 1723 66 1657 142 1515 45 5754 62
internal_count=8000 7938 6215 431 61 370 5784 1723 66 1657 142 1515 45 5754 62
is_linear=0
shrinkage=0.1


Tree=99
num_leaves=18
num_cat=0
split_feature=3 3 13 3 1 1 3 4 2 11 3 12 12 3 6 3 12
split_gain=0.0951292 0.820713 0.784287 0.4222 0.518959 0.878514 0.519152 0.501975 0.438317 0.46375 0.218307 0.521927 0.642247 0.428079 1.10983 0.230108 0.182554
threshold=379.50000000000006 343.50000000000006 322.82027223913872 488.50000000000006 0.93110041537548638 0.86024220701640075 687.50000000000011 2.824573787645996 1.0000000180025095e-35 4.5000000000000009 236.50000000000003 4.7286662195427169 3.762069263881298 174.50000000000003 1.5000000000000002 122.50000000000001 1.7744229000290255
decision_type=2 2 2 2 2 2 2 2 2 2 2 2 2 2 2 2 2
left_child=1 10 -3 7 5 6 -5 -2 -9 -10 13 12 -12 15 -15 -1 -7
right_child=3 2 -4 4 -6 16 -8 8 9 -11 11 -13 -14 14 -16 -17 -18
leaf_value=8.5084245078004034e-05 0.0071717335860012098 0.025711663808518401 0.0023740659778316818 0.015950842532846662 0.011558671648565092 -0.006666945790251096 -0.0047435266389088196 -0.0011040302738547327 -0.0048823681101202963 -0.024819776668612445 -0.002684350125317406 -0.016436804375611246 0.015051059907471593 0.021111583728634288 0.001708055178475763 -0.0018576329615812197 -0.020016378416330555
leaf_weight=6302 20 24 36 27 38 21 22 30 20 28 284 25 22 32 374 675 20
leaf_count=6302 20 24 36 27 38 21 22 30 20 28 284 25 22 32 374 675 20
internal_value=-3.91174e-12 5.87955e-05 0.0117091 -0.00202246 0.00175946 -0.00237798 0.00665949 -0.00696212 -0.0105862 -0.0165125 -3.18214e-05 -0.00254427 -0.00140926 8.08184e-05 0.0032374 -0.000102867 -0.0131789
internal_weight=8000 7774 60 226 128 90 49 98 78 48 7714 331 306 7383 406 6977 41
internal_count=8000 7774 60 226 128 90 49 98 78 48 7714 331 306 7383 406 6977 41
is_linear=0
shrinkage=0.1


end of trees

feature_importances:
affinity_score=286
upvote_ratio=216
content_length=197
post_age_hours=179
last_interaction_hours=167
cmt_count=148
view_count=130
share_count=122
interaction_count_7d=102
hot_score=98
upvote_count=95
downvote_count=94
has_image=77
interaction_count_30d=76

parameters:
[boosting: gbdt]
[objective: regression]
[metric: rmse]
[tree_learner: serial]
[device_type: cpu]
[data_sample_strategy: bagging]
[data: ]
[valid: ]
[num_iterations: 100]
[learning_rate: 0.1]
[num_leaves: 31]
[num_threads: 0]
[seed: 0]
[deterministic: 0]
[force_col_wise: 0]
[force_row_wise: 0]
[histogram_pool_size: -1]
[max_depth: 5]
[min_data_in_leaf: 20]
[min_sum_hessian_in_leaf: 0.001]
[bagging_fraction: 1]
[pos_bagging_fraction: 1]
[neg_bagging_fraction: 1]
[bagging_freq: 0]
[bagging_seed: 3]
[bagging_by_query: 0]
[feature_fraction: 1]
[feature_fraction_bynode: 1]
[feature_fraction_seed: 2]
[extra_trees: 0]
[extra_seed: 6]
[early_stopping_round: 0]
[early_stopping_min_delta: 0]
[first_metric_only: 0]
[max_delta_step: 0]
[lambda_l1: 0]
[lambda_l2: 0]
[linear_lambda: 0]
[min_gain_to_split: 0]
[drop_rate: 0.1]
[max_drop: 50]
[skip_drop: 0.5]
[xgboost_dart_mode: 0]
[uniform_drop: 0]
[drop_seed: 4]
[top_rate: 0.2]
[other_rate: 0.1]
[min_data_per_group: 100]
[max_cat_threshold: 32]
[cat_l2: 10]
[cat_smooth: 10]
[max_cat_to_onehot: 4]
[top_k: 20]
[monotone_constraints: ]
[monotone_constraints_method: basic]
[monotone_penalty: 0]
[feature_contri: ]
[forcedsplits_filename: ]
[refit_decay_rate: 0.9]
[cegb_tradeoff: 1]
[cegb_penalty_split: 0]
[cegb_penalty_feature_lazy: ]
[cegb_penalty_feature_coupled: ]
[path_smooth: 0]
[interaction_constraints: ]
[verbosity: -1]
[saved_feature_importance_type: 0]
[use_quantized_grad: 0]
[num_grad_quant_bins: 4]
[quant_train_renew_leaf: 0]
[stochastic_rounding: 1]
[linear_tree: 0]
[max_bin: 255]
[max_bin_by_feature: ]
[min_data_in_bin: 3]
[bin_construct_sample_cnt: 200000]
[data_random_seed: 1]
[is_enable_sparse: 1]
[enable_bundle: 1]
[use_missing: 1]
[zero_as_missing: 0]
[feature_pre_filter: 1]
[pre_partition: 0]
[two_round: 0]
[header: 0]
[label_column: ]
[weight_column: ]
[group_column: ]
[ignore_column: ]
[categorical_feature: ]
[forcedbins_filename: ]
[precise_float_parser: 0]
[parser_config_file: ]
[objective_seed: 5]
[num_class: 1]
[is_unbalance: 0]
[scale_pos_weight: 1]
[sigmoid: 1]
[boost_from_average: 1]
[reg_sqrt: 0]
[alpha: 0.9]
[fair_c: 1]
[poisson_max_delta_step: 0.7]
[tweedie_variance_power: 1.5]
[lambdarank_truncation_level: 30]
[lambdarank_norm: 1]
[label_gain: ]
[lambdarank_position_bias_regularization: 0]
[eval_at: ]
[multi_error_top_k: 1]
[auc_mu_weights: ]
[num_machines: 1]
[local_listen_port: 12400]
[time_out: 120]
[machine_list_filename: ]
[machines: ]
[gpu_platform_id: -1]
[gpu_device_id: -1]
[gpu_use_dp: 0]
[num_gpu: 1]

end of parameters

pandas_categorical:[]
